ImgId,category
B00000JZL7,0
B00000J1SI,0
B00000JBVO,0
B00000JC5U,20
B00004U47P,0
B00004SDA3,0
B00004TC8H,0
998499077X,20
9989363234,0
B00004S90D,0
B00000J1F3,0
B00004XREH,4
B00004SZ9N,0
B00004VWTE,0
B00000JDHW,0
B00004RG4F,0
B00000K4LF,0
B00000JSEQ,0
9985568524,2
B00004T8R5,0
B00000JDHL,9
B00004VUMG,1
B00004SPUR,0
B00004SD8Z,0
9973219600,0
9985541715,0
B00004TY04,0
B00002EQDR,0
B00000J3II,0
B00000J0J0,0
B00000J1P1,9
B00000JYWQ,0
B00001OPHH,0
B00004WIN3,0
9983036665,2
B00004TZKR,0
9983764105,0
B00004X0Z4,0
9967101407,2
B00003CYNP,20
B00001OPJ1,0
B00004T1WZ,0
B00004WIMB,0
B0049I2NPY,18
B00004RDL5,0
998504780X,0
B00004SD9Z,0
B0052E5MM0,18
B003JRDRQA,18
B005AR7BD2,18
B0057FQME6,18
B00000K3RF,0
B0007S8CK0,13
9984971805,0
B000ICN9NU,13
998554174X,0
B00004SY5N,0
B00004TLN7,0
B004Q03LYC,18
B00004WHEX,0
B000ICGDEC,13
B00001QEAE,0
B00004SYO0,0
B004XL0UX4,18
B00000JFMH,0
B00004TWM5,0
B00000JGLV,0
B00271F6UY,18
B00347AFII,17
B000F6FS7E,13
B00308GEZO,18
B0001ZV4WM,13
9985798236,0
B0038QQ7TQ,17
B00021LLU0,4
B000AYTYSA,13
B0053Y38Y8,18
B004XLDZSG,18
B000BZ5CT8,15
B001EPQ1JY,17
B00197QNTK,12
B0053BF9Y8,18
B004QAVBVM,18
B001N43L7G,17
B000E7C1MY,13
B003NV9Z6I,17
B00002246R,5
B00000JF4L,20
B001769IVI,18
B00004TWM3,0
B00002N6WV,5
B00000JD6N,0
B00004Y3TZ,0
B0043X1BAS,18
B00005304V,6
B000EGK2F8,13
B0000224JJ,5
B000HEA7W0,18
B00545BE6U,18
B002ZNJONO,17
B003DTIT0S,17
B00004RHLB,5
9981738530,0
B000052XMR,6
B0000AQO9G,6
B0000223O7,5
B0006HUNPE,13
B000GA47YY,13
B00013KTP2,6
B00007M542,6
B000HZTMSO,18
B000S95VTS,17
B0018SJ036,17
B000E88AEG,18
B000J5QK9G,13
B00004TF4V,0
B001F0RB6A,17
B000SCYYQG,17
B00002X1YN,5
B000FVEKZU,17
B00002N86A,5
B0007TZR20,1
B000022438,5
9989362378,0
B00004RHAO,16
B0000223EH,5
B000087L6V,6
B000A0X8D6,13
B000040JPJ,5
B000JWATFU,17
B002EE0PAA,14
B0002ASASW,11
B004ZRKZP4,18
B00394QA9E,17
B0000AOWP9,6
B0009HLT0E,13
B000056OXA,12
B00018B3LQ,12
B0000CBIQB,12
B00004SV23,0
B0001YJIJY,12
B00004UE8S,0
B000ZNUIG8,17
B0000225UA,5
B0002OOMS0,12
B00006WNRT,6
B00004TX6Z,0
B00004RKCH,5
B00014DMLE,6
B00002N7I2,5
B0001GL0KW,12
B00002X1XL,5
B000255NC8,11
B00004WCI3,0
B001ROSOSI,17
B00004SZ9V,0
B0000C7B9D,16
B00308R5UC,18
B00014D9FS,6
B00000JDGQ,0
B0002568SG,11
B000HZSVPO,13
B003GLGA3G,17
B000256CJG,11
B0002HSFBC,12
B00002N7W2,5
B00004S1ZM,12
B0055F530W,18
B00021FHPA,12
B00004TS3Q,0
B0001EUZG4,3
B00002241F,5
B000LKC2PA,13
B0000225VT,5
B00027466A,11
B00004Y2Z5,0
B0002CK5JW,11
B0006FKJQE,13
B0000AY0KB,1
B00004RFC0,0
B0001EWCPQ,3
B000255R5G,11
B0002X629S,12
B00029J2LC,3
B0000Y3NKU,6
B000C5HK38,13
B0002DGNJC,11
B00014DTOO,6
B0025VK2M8,18
B00007E7WB,0
B0002MBUPU,3
B0002NYE02,3
B00001W0D1,0
B00004S64Q,0
B000092LXP,6
B0000AS9JT,12
B001J81YTS,18
B0000532RF,6
B00002NACS,5
9985039998,0
B002YOFVKE,18
B0002A6V3S,11
B0002Q80N6,3
B001ERDBS6,17
9984931854,2
B0002KSN0W,2
B000H8MMTW,13
B00005NVBJ,12
B002GJJQIK,18
B0002APXZU,11
B0000AXQML,3
B000WPMVO6,17
B005ARC4KW,18
B002WARPMM,17
832521001X,4
B00000J4GT,0
B00014D9QW,6
B0002KWZ4M,13
B00000IVHU,4
B0000532A4,7
B00014F8HU,11
B0000302W5,5
B00000J4VZ,0
B0000BWGY6,3
B0002L6NAI,3
9861247327,20
B00006L7X9,6
9989512477,0
B0000534ZM,6
B00176K2ZE,17
B000256DQS,11
B00029WSYA,3
B00002X1Z6,5
B001KJTVD2,18
B0001MQHK4,12
B0006I3L8O,2
B000EDINO8,2
B000143MG4,19
B000052XOT,17
B004BWVCKA,18
B00028EU38,3
B0000Y3D4Q,7
B00001OPK2,0
B0002A596S,3
B0009XUGHU,19
B004VN932S,18
B001W6QBEA,17
B0002MB07I,3
B000EFNQES,2
B00023CWSS,12
B000H8H7RE,13
B0017JQL5G,14
B0000AITPM,12
B00029JXOS,3
B0000223IP,5
B000056CN5,7
1929780737,4
B0002JMDFO,3
B00004SOZ0,0
B0000224TY,5
B002QDOJYM,17
B00013Z128,6
B00005M1WE,6
B00007BGDU,7
B00004RAMT,11
B000AYUM90,2
B00029JW6M,3
B00020Y40K,12
B0002MBQH2,3
9862764090,2
B00029QPMG,11
1616614072,4
B0008IV508,2
B0001JXDUO,8
B00000J4GF,9
9989511748,0
B0002DGIL0,11
B0006N8ZR6,13
B000H85O42,13
B000199722,8
B0000E65BG,8
B0007Z8EU6,2
B0000DJX8J,14
B00000J3NR,0
B0001DMTJG,8
B002ICF1R0,18
B0000206CN,0
B000B1QV6U,13
B0000AC95E,4
B0002LEAVC,3
B0002AQRIW,11
B00004TJ33,0
B00005CDRR,7
B00002245V,5
B00002NAQ3,5
B0000225KO,5
B0002IGGGC,3
B000243QD2,3
B004PBL202,20
B0000D9NCI,8
B000063CHB,6
B001VJ9ULO,18
B000QU75H0,17
B000067EH7,14
B00008ZOXX,12
B0007WBAGO,20
B0000AOWPC,19
B00002NCK3,16
B004YUAT9E,13
B0000ASXHA,6
B00004Y284,0
B001NT2KF0,8
B00081FWRW,2
B00012NJUU,7
B00016JH3O,8
B0001432S2,7
B0001AFJD2,7
B0036B88H2,17
B0000647GK,12
3869140267,14
B0000DD90C,8
B00004Z5RA,9
B00007LP1D,14
B000051SEE,9
B0000DYNFH,8
1589947843,4
B00016V2BE,8
8499004326,4
B00132WMTQ,13
B0002MAE0M,3
B000NK74TC,4
B000A6U6VM,17
1616611812,4
B00000JBLI,4
B000UKQ8D8,20
B00020D76M,2
B0009J5O6W,13
B00004THD0,0
B00004S20P,13
B0000DIYU2,8
B0002ASBZO,11
B0001HAC28,3
B0000638TC,6
B001CD8GAA,20
B004WGO8U6,18
B00012OI7I,8
B0000DASCG,6
B0002AQLKQ,11
B002N8A1GK,20
B0002JMF9I,3
B00004S26K,12
B0002FQUZM,13
B00008KGX5,7
1556342772,4
B000GC7AY6,17
8663509375,4
B0002ARHXQ,11
B000MUSTMO,17
B00007E83A,6
B000J6DI0E,13
B0034IQC3E,18
B0000223B5,5
B00000DMCN,14
998940660X,2
B0001YF05K,12
B000139HBE,8
B001FCHCOY,18
B0000TVXD4,8
B0000532KF,7
B002Z8KYE2,18
1858751683,4
B0009A31LG,14
B000RNGCXY,9
B00006IGL3,7
B0002AROUC,11
B000V4LID8,14
B0000225W4,5
B00008IHSO,12
B000255P62,11
B002IRB5Z2,17
B002IXYR1U,7
B0000DIWKM,8
B00510K26G,20
B00006JPFK,2
B000GCL3JO,17
B0057FJ5UE,5
1594721041,4
B0002IKU1O,12
B0007XY66O,2
B000094YKL,12
B00002NC0N,1
B00004U9WT,9
161983104X,9
8326110965,4
B000S0ZLTC,14
B000FI6ZSS,14
B001ANJ0MU,2
B0001421U2,7
B00006B8FF,9
B0006NDBNO,13
B0017QPLD2,17
B00002241L,5
B00025YW8E,11
9790801637,7
B003EGUS1I,2
B0002ICELS,0
B000EFNRGA,2
B0000DIE3Z,2
B000EBA7TE,2
B00005J3BP,7
B0002O76Z6,20
B000AMWHQI,20
B00000JIC2,4
B0000ZG71G,6
B0001P8DGM,8
B0002VZD1S,12
B004ATXJ8M,18
B0000535AW,7
B0000C6DZM,12
B0000302PX,5
B000056W5Y,7
B0000D94OR,8
B000UODGWA,20
B001PF5356,17
B0001EKWL2,6
B00006I9SY,2
B000DLBSV6,2
B00023RYT0,12
B0007ZHJH0,14
B00003Q090,9
B003XEF7DK,18
B005AR7GEG,18
B0007PAZSU,13
B00000K0DA,9
B00005RHF0,6
B0006FZYGE,2
B001KYVZYK,17
B0050O230G,18
B0001FQV84,8
9861009035,2
B0049I6RVU,18
B000DZB8FS,20
B0002TEAA0,14
B000141FJK,7
B00004TJ7O,0
986276483X,2
B000256ABG,11
B0002L9MPG,12
B0002MACJ0,3
B000126ZTM,8
B0002ARRAO,12
B00002N9HK,5
B0000GKV44,8
B00004RAM9,12
B00030AZL6,14
B0000CCXUL,12
B000CNOMQS,2
1589943171,4
B0002568RW,11
B000ELV4FA,14
B00004RK07,5
B003MU95X8,18
B0009A14F6,13
B0000225H0,5
B000CFLNT0,2
B0016IVUWM,17
B0000TLEPQ,8
B00025K0QC,11
B00065EDMK,17
B000255NUK,11
B005B9EOEI,18
B00005BNIW,17
B0000AXS2J,3
B00013KSTY,6
B00004X0ZG,0
B000H5H484,20
B00017P2HI,8
B00004Z5QR,9
B000067823,14
B00006HO6G,9
1615563741,4
B000070IX0,19
B00006F2WA,9
B00014D1WE,6
B0008KL6B4,2
B000A6Y7BC,2
9985634551,2
B001K39XF4,20
B0000ZLEMI,7
B00069CWA6,14
B00029IZYC,3
B0008KL68W,2
B0000GHNVS,8
B00007D07S,7
B00004SGB9,0
B0001LUG0W,8
B0002LWEUG,3
B003JN51D6,18
1603113436,4
B00029JXMA,3
B000F0GSOW,14
B00025YWAC,11
B000V8N84Q,7
B00006HXQW,9
B0002IKTJM,12
B0002IP7V2,13
9269809056,4
B00004SSRN,0
B0000YV5TQ,7
B000255UPS,11
B00545ATO8,18
B00012UR50,7
B0002J6E7M,12
B00000JQ4X,4
B001AO2TC2,18
9979991577,9
B007MV1UBS,20
B001BLV33K,20
B00002N7CA,5
B00000J2BD,4
9867245830,2
B000H8HF3U,13
193602442X,9
B0000TQPY6,12
B001E8G0SI,18
B0000514A7,9
B000CC9EGC,13
B00000J3NE,0
B000Y7WIQI,19
B000094YKM,12
B00370QE6Y,14
B000K6XW22,13
B001EWBYXA,18
B0001DMTAU,8
B000194YPC,7
B000BPMJVM,14
B00005QIQW,9
B000NSHIUO,19
B001E6HV8S,18
B000K6HXMW,1
B00000J0ND,0
B001ASF0WY,18
B00000JCTD,0
B00005RFBO,6
B00015ECGM,8
B0000696Q5,20
B003JJY4T2,20
B00012OV20,20
9989482160,0
B00005T407,9
1904359086,4
1586059807,4
B000W7BHDU,17
B000LGMGO6,13
B00025H3AS,12
B005VEDVS8,19
B000LZCO6W,20
B000WYGBDO,17
1619831589,9
B002UOGAJO,6
B0032GVEAE,20
B00010YZZU,6
B0001FQUL2,8
B00005YX2U,12
B0002563C2,11
B00000ITBD,4
B0000BUUT9,11
B00016JHJI,8
1589948971,4
B0000GG25G,8
B00004YJZC,0
B0000AXFQS,16
B0000BWGY8,3
B0018S08CS,18
B000121BXC,8
B0009WG5TO,13
B00000DMFC,4
B0002A5W9M,11
B0001GCAPQ,8
B0000E2SNN,12
B00000JBL5,4
B000CSQM20,16
B001NMK59K,19
B00004U0FD,0
B00000J1AA,0
B0001Y9VN2,14
B000E9T8XC,14
B00002N531,5
B00000IUB9,4
B00000IRU6,4
B0002CZZDI,15
B000BO5VT0,16
1589941810,4
B00005O02M,12
B00000IZNX,14
B00005QJD9,12
B00029KA8Q,3
B0000C4KJT,6
B0002VAWU0,12
B00004S28Y,12
B00004TBGE,0
B001W03ALI,19
B00025H2DQ,12
B00158Q9R4,17
B0002D0O8I,15
B000X165UU,18
B005OKYL5G,19
1586500848,4
B00012D0OU,12
B0000E6SVH,8
B0002ATAUO,11
1589941829,4
1594419965,9
B000022449,2
B000BTBYRS,2
B0001GDDHA,8
B0002A5Y5E,11
B000E0XZZS,13
B002HD57SI,18
B000E9T6P2,14
B0002HTIP4,10
B00029WSZY,3
B00004TJ7T,0
1586508539,4
B0002M7GIA,2
B00002N6K2,18
B002ZNJONE,17
B0002Y7V9M,13
B00000DMG3,4
B0002E392A,15
9984969754,2
B00000ITPZ,4
B00000IUL6,4
B000LNI13E,13
B000BKRK2K,9
1574895958,9
B002882BQS,17
B0002EZ4UA,16
B0000DID6A,8
B000B7MBJK,14
B0019KAMKS,17
B00002245A,5
B0002F4MT8,15
B0002XJ1HI,6
B00005AUID,6
B0002AS6GS,11
B000256566,11
B000051SDE,9
B0001424TU,7
B00006F2W4,9
B000067K24,9
B000K6LM8S,13
B001D864XA,20
B00014I930,8
B000195MWG,7
B0002D0CL2,15
B004H3XPR6,18
B0002ASIAM,11
B000HM7Y1Y,18
B001DPVZK0,18
1616611901,4
B00028ZM7Q,11
B000VWL97A,7
9989487448,0
B004XLE2A6,18
B00000J9Q0,4
B0052V0HAU,7
B00002ND62,5
9985580303,0
1600224075,9
B001QGA6CO,4
B0002EXLKA,15
B0000AY9JC,3
B000FHF9AO,13
B004H3XWTW,18
B0001K5KXG,8
B000052YDK,6
B000052YP9,19
B000063W99,9
B004CN5IWQ,16
B00005YWE3,12
B0000DK6KK,8
B0002D0JX8,15
B000ILGA5A,13
B000BKC2BO,16
B0002M9Y2Q,3
B00028J0CO,11
B00025YRIE,11
B0001EL400,7
B0025VIF6I,20
B0002ARP2O,11
B0000224MZ,5
B00004SSS5,9
9866458156,2
B00005LAA7,7
B0006FS2HM,20
B0085BRMXY,20
B00063E3Z4,2
B0002563OK,11
B0000D9N7T,8
B00029JNA2,3
B00005MA7P,6
B0001Y74SG,7
B000FGG8V4,14
B003NUPUWW,19
B00002NB4K,5
B00029XI30,3
B000C6OL20,14
B0002AS9PG,11
B000GLN7RG,19
1616610751,4
B0006NNJW2,16
B0002D0AMI,15
B000AANWUK,20
B0001M82RA,8
B001UOSMT6,18
B0002AS1C2,11
B00004NS0V,9
B0002A5Y4K,11
B0051W8MJ8,18
B00000JDXG,4
B0007OBEWC,14
B0034ZF6HU,17
1616616717,4
1609965841,9
B000F8YDXC,14
B000063CAP,12
B000F2IARI,9
B0002F5468,15
B0002YQ2DI,12
B000HDKE92,13
B0000AXLX1,1
B0000AQO9H,6
B0000BYOAF,3
1619922479,9
B0002NIMDC,3
B0001GKZDU,11
B00002EIXN,0
098415096X,4
B0001FFKMM,8
B0001EL9JQ,19
B00001P4PM,0
B000256DHC,11
B002JM7QV8,17
B003E6JT90,7
B00000JQ4F,4
B0002E535G,14
B0002AQPNE,11
B000063CB7,12
B0002565OS,11
B00003L65B,0
B0000504CV,9
1616618272,4
B000FMWX44,16
B0000CGS63,12
1616615095,4
B003MGARCU,19
B000067P7M,14
B000FA3NKY,10
B0002AQJI0,11
B000HDQBLW,10
B00015NIFI,8
B0000AXQ6Y,1
B0017YHGXC,18
B0018GPRLW,19
B00000JKJ2,9
B00002N5J8,5
B000B4DU66,14
B00004TS6I,9
B000CDPHEE,14
B0000GJ7CQ,8
B0041EKQR8,18
B000CC6XU2,2
B00005OU5T,1
B00000IUHY,4
B0002CZWYU,15
B00AZUD46C,19
B0002AQHLE,11
B00004TF48,9
B00002252O,16
B0009GA0R8,13
B00005BPK2,12
B00000J0LR,4
1594416125,9
B000255P58,11
B0000AZ84U,3
B000CQR9TM,2
B00001ZWQU,0
B0000DB97V,1
B003EAFWMO,18
B0000BXEG6,6
B00009V2QM,6
B000K7156G,13
B000GEDWD2,17
B000067OEZ,9
B00405SM5Q,20
B000GDH18A,4
B00000JDKE,0
B000052X7B,6
B0000TM9GO,8
B000BQJA0E,10
B0000A0AGX,1
B007Z07LR8,19
B00014D0KM,8
B000GG0I0A,13
B0002SSZ52,2
B003DAOOIS,18
B000VH9N78,17
B004BGRUHK,19
B00004Y7TC,2
B0000V9WNU,3
B0002V5HZK,14
B00AZ0HQVG,13
B000GI175I,13
B00570RDYO,18
B00006IAOW,9
B0000VC1YC,7
B0015AAXGA,12
9981724378,0
B00008VE4A,12
B0000AXYXH,1
B0032ROXW4,20
9985727800,0
B0002DWMBA,15
B000844YO6,12
B0002APD1Y,11
B00029Y7WQ,15
B000BPK76Q,16
B000H0K8CS,17
B00000JHXB,4
B00006IS6B,20
B00002N5HH,5
B0007Q3E7S,16
B000KA8ZKM,13
B00016KMAQ,7
B0000VLRNS,8
B00008XPC3,10
B00017Y9KO,7
B0000BYPXM,1
B0007TIYDY,9
B002E6ZIQO,19
B004O3BV0M,19
B0002OF40U,14
B000FMWD80,16
B00004RK5E,5
B00000J3HF,0
B00459IGB2,7
B0050KL1JE,18
B000F8XH3O,10
189105614X,4
B0000226AT,5
9862291184,2
B005P4OX72,19
B003GSD1YA,7
B0002TVO4K,13
B001G5ZQE8,17
B0035M77ME,18
B000BKHI1S,3
B00027GUD2,3
B0000AR2FY,1
B002ZHVU78,18
B00002N9DQ,16
B000BSB8UW,12
B001KJJUSI,17
B0000C88FT,7
B00012NCKW,6
B00008VE2S,5
B00025YVGC,11
B002RC8HQI,17
B005TUJHLO,19
B0002J1LQG,2
B0000BY99Q,13
9866906558,2
1589947029,4
B00005QT2V,6
B0000531YI,7
B0001E3LC4,8
B0006N25JU,16
B0002AQFA2,11
B0000C88FI,6
1842104861,9
B0000C50F3,1
B00004SD7B,10
B00029X3QC,3
B00000IS5Z,4
B00006IAM3,9
B000058AL5,9
B0000BYQ13,16
1601901097,9
B000BD69C4,16
B0000BYNUH,1
193602358X,9
B00545B3IO,18
B00000JBLP,9
B0028FIO8U,17
B0002RQ82U,3
B0001VU472,6
B00003CWER,0
B0002AHY84,11
B00005IBW1,6
9985511433,0
B00004RB77,12
B000182DYM,16
B0002A5L4S,20
B0002E3614,15
B0009VEMFE,10
B000BPPPL8,14
B0002HYFLG,14
B00002N7RG,5
B000005J9Q,19
B000BK7J9Y,13
B001A41AZ4,17
B00029K00Y,3
B0006HDH6Q,13
B000AM7YPC,10
B0000DJAU1,6
B0002ASV1I,11
B0007MGEQA,20
B00014CN6O,8
B000BQWJZC,16
1427616566,4
B000KL35TM,13
B00022OA2A,15
B0019VN024,18
193305431X,4
B0000CA7A6,1
B000NF1HY0,19
B000AB0R70,14
B00000J19T,9
B000BQLZB6,10
B0000AYGGT,3
B000BFL9EA,16
B0002EKL5I,15
B000BUVWNS,13
159441825X,4
B001CP3IQ0,20
B004QNZ8YU,1
B000J659RO,13
B0002B8CPC,11
B0002ZWG3C,16
B0000223PK,5
B00014DX4K,6
B000GB3FDW,14
B000SNSJYI,17
B000BT55P0,2
B000255RF6,11
1589947258,4
B0000AXFTC,12
1609965418,9
B0002BTDAK,11
B00BS8KELS,7
B00008AJJV,7
B00012NG0I,6
7801404467,14
B005CM86DO,20
B00029XAYM,3
1574898841,4
B000256CIW,11
B000182AZE,3
B00000JBNS,9
B0001DUP6A,10
B000CCNL0M,16
B0000D8T6Q,1
B0000530GS,7
B00004U89Z,0
B00005AFBO,7
B0001BGU34,8
B000059YXE,9
B0009ST3VU,2
B0000B0ENN,1
B00065315U,2
9984993884,2
B0000AT0R9,1
B000BQSYFG,16
B0000BYF3A,16
B0000ZLEKK,7
B005RZCCDG,20
B0000AXP23,1
B00029X5Z6,3
B00002N6US,5
B00009N8QZ,6
B00005K2QB,9
B0009F3PEE,6
B002T5XQYG,17
B000288WAK,12
B000GIBZFU,14
1600223567,9
B0002CZS7Q,15
B000066R6G,20
B00011JYZA,7
B00002247C,5
B003UIPZOK,19
B000BKY5ZU,2
B0000AVCC1,1
B0002YV7J2,16
B0000BW3OL,13
B0000223ZD,5
B00008WFM5,6
B00081H75C,14
B00006HST5,0
B0001DUMTA,10
B0000AR29H,1
B00030305Y,2
B001HNODKM,2
B0000AQHW6,1
B009RQPSQ4,13
B003L9XIVK,17
B0002APV8Y,11
B0001EXPA2,3
B0006I3L7K,2
B000GTC2BK,13
B0009VEMEA,10
B000FNKVMO,18
B00028LEB4,11
B00000K1R9,0
B00156RBSC,14
B000GECKVC,14
B0000GHXTU,8
B0006VBSAO,10
B00006HP6L,9
B001LAO26G,20
B000BPEZOG,16
B00004RGW7,5
B00006JXU0,6
B00004UFS9,0
B0002DVBRQ,15
B0001Z99UG,13
B00002N7RW,5
B000G80T5M,14
B00004X0ZJ,0
B000E77RU0,2
B00000K118,20
B00000JBQJ,9
B0002U3V86,12
B000022613,5
B0002LCVHC,10
B005FG309C,20
B0002DL6EO,1
B00012CHFI,14
B000FKLOLY,10
B0000224VE,5
B000E67ZO4,16
B000CSEE3O,14
B003EALYTE,18
B0000D9MWT,8
B0000AE6PN,1
B00000J0JF,4
B004BZEHQ8,9
B0002DVBEY,15
B00000I9HE,0
B0000CCW1L,7
B0002E599Q,15
B0002X6XR4,6
B000CD3VS8,2
B00000JYJ5,9
B0000225AC,5
B000BT977M,10
B00006I5KB,9
B00004RGWD,5
B0002ARSCQ,11
B000063CAN,12
B0002EXL6E,0
B0002KO3F6,3
B0002DGKAO,11
B0002AT1MQ,11
B002BV2MUW,18
B0009VEML8,10
B001DPM23Y,18
B00004TJUJ,9
B0002KR0Q0,3
B000E7FR7U,16
B0000TLF4Q,8
B0000BYDWE,1
B0000541Q8,6
B0007MCTDC,14
B0002D0GGI,15
B00005427T,0
B000EBO934,2
B0000AUZZZ,1
B0000531E2,6
1616611375,4
B00002X21P,5
B0000224EY,5
B00000IVPG,4
B00004UFR3,0
B000GBJCMA,10
9867349849,2
B0002MA68M,3
B005AR8PJ6,18
B00002N8YO,5
B000GCL2N6,17
B000A3OLZC,2
9983853027,0
B0000D1E42,1
B00007BGDL,6
B00566DTX8,18
B0002V8572,16
B0002AS5NM,11
B0006TU9DI,10
B00004TDMZ,0
B00008YO11,12
B0002PB7JQ,13
B00000ITAZ,4
B0002ASICU,11
B00005OUJ4,9
B003761PXK,19
B0002565P2,11
B0006IJZUM,10
B0002CZV8C,15
B00014F4EC,11
B00076VETS,16
B00009932G,14
B000053UOC,6
B0002ARKIS,11
B003156HJY,17
B0002AR3QC,11
B0002BF3ZO,15
B00005IA5U,9
B000JC93K2,0
1616611847,4
9861732470,2
B00004TQ0N,0
B0000DIYK7,8
B0000KC2BK,8
B000BHNEB4,14
B000052XV5,6
B000A88LJE,10
B000GE8TAS,14
B0002E2GNI,15
B00012U9EO,7
B0002L73RK,3
B000OP5D8K,19
B0002F559O,15
B0086NAAVM,19
B00004RK5U,5
B00003CWCI,0
B00931YZCQ,20
B00070JZNQ,15
B00004ZB55,12
158031483X,4
B00005NGR4,9
B0002NIKWU,3
B0006GZYQS,20
B00002N972,5
9863310441,2
B00005T3O1,9
B000182B8A,3
1619830922,9
B00006B8NG,2
B00000K38Z,0
B00004TR8L,12
B00005MEPU,9
B0002E2ATI,15
B002UXQRFM,17
B0002DVBFS,15
B0036OR7XK,20
B002UOEOBK,20
B00000IVZB,4
B000052XLM,6
B0000ACXTG,7
B0000C6HK2,1
B0009A4FA2,14
B002ZVOMB0,17
B0000225GX,5
B0002D0E9M,15
B0002MA02O,3
B00024JZB4,12
B0000AQBJ0,1
B0002D9EBG,13
B0002AS34S,11
B0001392BO,8
B0000YV6JA,7
B00028IX72,11
B00008LUPP,6
B000HVMAX2,13
B00014DUXE,6
B00564VWJS,18
B0002NILRY,3
B000053147,6
B000AHPMDI,14
B0000AUSC4,1
B0002TWC4G,13
B00004Z65P,9
B000022466,5
B0001VWEZM,8
B0002M65MI,18
B000FAJGMI,10
B0000ATVVY,1
B0009LIE6M,10
B0000GGI2I,8
B000279W00,14
B000ESVGHE,17
B000229MR8,10
B001ANLLJU,7
B002W5V31G,17
B0002CZUN8,15
B00005BSXD,12
B0002AS8HU,11
B0002MBQOA,3
B0000225XM,5
B000G0L2TM,14
B0000APP9X,7
B000F1MR2S,14
B000Z61V2K,19
B000BY5BHW,16
B000LNN7LU,13
B00004S1X3,5
B0000AXR7V,3
B0000225IV,5
B00006JPHH,11
B00067AFSE,14
B00001ZUHO,0
B0007YXV32,14
B0000DD006,16
B0002A5W74,11
B000GHX8JW,13
9861030484,2
9985540522,0
B00009EFEY,6
B0000WU3P0,16
B00000JBIO,0
B00005OSVF,9
B000EOFJ12,13
B0002EK4K0,15
B00006347J,6
B000FMYDLU,6
B00000ISAV,4
B0053TV3HC,4
B0002CZVX2,15
B0007ZJ8Z6,10
B00009UT9Z,1
1609960297,9
B000BGJSE2,14
B001K2YV9I,18
B003B7Z91E,18
B0002AQU0C,11
B0002IM85A,12
B00000J0FF,0
B0002D0QWM,15
B000701AWK,4
B0000DK6S1,8
B00002X1XO,5
B00022OA3O,15
B0002FUO7C,16
B00004Y3U7,0
B0001VJDGA,11
B00002NB6C,5
B0002F50OY,15
B00005RE9X,7
9967226943,2
B0002F6692,3
B000FVW8BI,10
B001E4DFFS,17
B00004Z5Q0,9
B0000AR2EJ,1
B00002SYDE,9
B0002L682Q,3
B00023S4QM,16
B00852XWH8,15
B0007Y6PZS,2
B00004Z5SR,9
B000G80QD2,14
B0000ALPKQ,12
B0000UVRD4,8
B00A8LQM80,19
B0000224PB,5
B000EOFIK4,13
B0002AQ5FW,11
B0033CV4LG,18
B00006IV42,6
B00004WIMF,0
B00005QDVQ,9
B004QNI4HI,19
B000F2LBBK,20
B00000K0JM,20
B001CG39SQ,18
B0002CZV50,15
B0002L6U2Y,3
B001D4G1WI,20
B00018CWR0,8
B0009V971S,2
B0009WQG1G,1
B000F1LCAG,14
B0000ARYUE,6
B000BKRLHE,10
B00004TX72,0
B0002MA2OK,3
B00001X5C6,0
B0000CEO8K,6
B0043GAGL0,7
B0000XMQBI,7
B0002ASBRM,11
161661143X,4
B000BD8J7C,16
1622261356,9
1589946510,4
B0002F4YDC,15
1621914909,4
9269807495,4
B0002CZW0Y,15
B002G7POUG,17
1933318988,4
B001DPPR5O,18
B000OSLNFE,18
B0007CXN7S,16
B002NGX7Y0,17
B0002ASAOG,11
9983799111,2
B00004TWLX,0
B00CBYE0E0,7
B001AACK98,18
B000053057,6
B00004T70Z,0
B0000C1I9C,7
B0002ASRZ8,11
B000096PAY,14
9986255198,4
B00004SYLP,0
B0000WZLPM,3
B002H3PB0C,18
B0009Z3KKI,14
B00002240L,16
B000HJMB24,13
B00004ZB7U,9
B00C7OK5FM,7
B000G1CZEC,13
B000BOA0RS,2
1589943082,4
B0002FROZW,16
B0001654IG,12
9629921723,2
B0002ASMBW,11
B0002IKUGE,12
B000B9E5U6,1
B00008BFXH,6
B0000BYRPU,1
B0002E2TH6,15
B00001QEEH,0
B000A81H8Q,13
B000VZM0RU,18
B0001H6D58,8
B003LGOWNQ,20
B0006V3HG2,13
8374257717,4
B0000A10MZ,6
B002850B9K,17
9861020829,2
B0000223FQ,5
B0002APVXE,11
9269803988,4
B0002ASSKW,11
B00292UKQQ,14
B0001M0Y4O,6
B004D77CPM,20
B001E8UESA,14
B00000K3RB,0
9790800568,19
B0000B12S6,10
B000F8TCKG,10
B0000DIWKR,6
B00013KPW4,12
B000E0XYTA,13
B0002Q7ZKA,3
B00000IUEL,4
B0000DIX2U,8
B00019MH5Q,8
B00CC5SIY6,1
B0000YI8VY,7
B0053F9OKO,18
B0000C1I1U,6
9984977730,0
B0000GIOPW,8
B0000DJDHN,8
B0002LBL00,3
1601250061,4
B00067IDZQ,10
B0001ZWQUQ,7
B0002BSRM0,15
B00000IW2Y,4
B000093CI7,12
B0018S1V88,18
B0001KH58O,8
B0074Y4UFQ,19
B0000C53UD,1
B0002E2AJS,15
B0006SQDVG,2
B00028ZM4O,11
B00008KWO2,14
B0000224S4,5
B000BZZ1D0,10
B000EM2O2G,20
B00006BIJP,7
B0019R4J32,18
B0000DG8AR,12
B000CRIWD8,2
B0002E52JS,15
B0017I3RGS,17
B0002JN3JY,3
B0002MQFFA,16
B0000AKAJE,20
B000052YD4,6
B005VEE8B2,19
B00005LL3N,12
B000BDB54G,16
B0002Q7Y9M,3
B00008CMOS,7
B00005Y0I5,12
B000302M6W,2
B00004RH4Z,5
B000BMKEVC,14
B0028PMV4I,17
B0000DG6Y8,8
B00004RAE0,12
9967370424,0
B000063TL6,6
B0000AZ6AB,12
B000233XT0,2
B00BCXIV6E,19
B002ZNI7H8,18
B000EF2C34,14
B00004U4SH,0
B0002MBKG4,3
B00004R8U9,0
B0011YJDXY,18
B0002CZV2S,15
B00012WYKQ,7
B0000A1ZFD,1
B000F2W0YW,13
B0001KXI3K,7
B005VEE8G2,19
B002VN6436,19
B0000CFNCV,6
B00029J3A2,3
B0002A5Y40,11
8325220937,4
B0006L51JS,13
B00004TDSC,0
B0000X0VOW,3
B002P4EELK,17
B000EN6AA2,13
B002QDOKG4,17
B00014F83Y,11
B00020Y3YM,12
B0009VPWI0,16
B0000AXZH3,1
9983763990,0
9985673379,0
B000GJ58PW,10
B00025K0W6,11
B0002RNRYM,3
B00003006Z,0
B000E8WH22,17
B000Z4U5W4,19
B000EOKZI4,13
B0001LAF58,7
9967112557,2
B00AZHGFVQ,7
B0051O8YNK,18
B000AO3BK2,13
B00004Z61M,9
B0002E52Z2,15
B007TSYUG6,19
B0000224OD,5
B00012FIP4,8
B000GTBK8Q,13
B0000C4COK,7
B0002MBKAK,3
B0000DCBIE,12
B00000IWGE,4
B0002NIJV2,3
B00004U8OX,9
B00021FHQE,12
B001VGF2N2,18
B0000691IZ,6
B00004Z6U6,9
B0000BYMQZ,1
B000BZ6Y5O,3
B00006B93Y,9
B0000U11DA,8
B003OULQ4C,17
B00005O7JI,9
B00005O7JF,9
B00007FRYA,6
B0000D9NB5,8
B0002DUVKO,15
B0000AIXX3,14
B0001E3W5U,12
B0000AVEJW,1
B00013V0AU,7
B00025JZ8Q,11
B00012NC1G,6
B00005V9CG,17
1622261232,9
B00012NDH4,6
B000256CKA,11
B000F8XBJO,10
B00000K1SF,0
B0006GK5XK,19
B00000JFNV,9
1619922428,9
B00011CT48,3
B00002N5MQ,10
B000FZ4S6M,3
B00002NAHP,5
B00006SKNJ,12
B0000302Q4,5
B00022UAGA,12
B00002EQE5,9
B000E1963M,16
B0051AZ450,19
B00000K13L,0
B00004RJIM,0
B0001DT3QS,10
B000BQR7BI,16
B005B46ZRM,18
B00029JFF0,3
B0002J1UI0,3
B00006HU50,9
B000143HB4,19
B000BY5Z6O,4
B00004RK0A,5
1624420559,9
B0000ARCV9,1
B00005368P,17
B0009WQ61G,10
B00029JW26,3
B0002UEPOK,1
B0006846IS,13
B000HGRNJS,13
B0002L6FKQ,3
B000BY9XBM,10
B0014XZWUA,17
B0009PSF9E,20
B00012NJT6,6
B0000CEZ8O,1
B00023CWOW,12
B000FVXNQM,14
1936112051,4
B002P3YRAY,18
B00013TQOW,6
B0001411WG,7
B0001DUCJA,10
B000FL60XK,20
B0001DU3SK,10
1878875612,4
B0001XD5NU,8
B00009YUK6,3
B0038CS02W,19
B00002Z756,9
B00000DM9R,0
B0002D0CJ4,15
1594416230,9
B000UCP1K2,17
9973237609,2
B00005CDSC,7
B000815HUE,20
B000079B5Z,16
B00006B9P4,9
B0000DG4M3,8
B000GYY362,13
B00005LBRT,19
B0026H1LH6,15
B0002BG2S6,15
B0002JT40Q,16
B0000Y3PSK,8
B00005322G,7
B0000224K9,5
B0000225Y7,5
B007WNLAQQ,9
B0000AUXL4,1
B000PRYAK4,15
B00073HJG8,14
B00000JIFM,4
B0002BEN96,16
B000E88CGW,2
1614059322,4
B000XRHWAQ,17
B002XWGD68,20
B000BPS0OM,14
B004H3XR3S,18
B000BQ7WRW,16
B000GRBBA0,4
B004I9JWKS,20
B0000BYDZ7,12
1933054638,4
B00002NAQL,5
B0037ACR7E,20
B000FPDKYS,18
B0001LE1VC,12
B00009P90A,16
B001GFKJGS,17
B0007WWZKY,14
9989516316,0
B000BOKAQ4,14
9985537173,0
8326109428,4
B0009MGLMU,20
B0000531WB,19
B0000224IW,5
B000054P4U,7
B00201KG38,18
B000GCJNDC,17
B0002D09QK,15
9977649235,2
B004BLIMO0,20
B00000JL6T,4
B000EDOQV2,20
B000BRMZ9G,10
B001GXLXF6,9
B0000DYNFD,8
B00014D02K,6
B000G1C3IK,14
B00007FPHT,12
B000GEDUFW,14
B002HN013Y,17
B00074JVTA,2
B0007PRF56,2
B00014DU3Y,6
B00015YROY,10
B000BQQ1F6,10
B0002CZQKK,15
1624420427,9
B0006ZKOTG,2
B0000C52M0,1
B0001E3WFA,12
B0002568EK,11
9966607463,0
B00006K0X0,6
B0001LE96E,12
B000F1OQYA,14
B0002CZW8G,15
B00002243B,5
B0000Y3GIE,7
B000CO9QOK,3
B0000E2RHW,12
B00191N6IW,9
B0001M0YK8,8
B00008WM5Q,7
B0000VSBYQ,14
B00285TVKK,20
B0002D0C62,15
B0002ARYES,11
B0002L6O1Q,3
B000FCNF64,20
B0002E598M,15
B000HVJQWA,10
B000092YMB,9
B0000E2PBW,6
B000W9IF56,17
B000I3Z8OW,13
B000CEF5OK,16
B00014EG7S,7
B0002ASHIK,11
B00009V4BN,10
B000HFWGO6,10
B0002ZA27Y,14
B0002AR4O8,11
B00029K1XK,3
B0001LEA86,12
B0050KJRY0,18
B00025688Q,11
B0022ZQRH6,3
B0002ASCTE,11
B0001M0ZNO,8
B0002D046U,2
B0000AU1ZL,6
B0002EK5JA,15
9983824744,2
B000FMWV2I,16
B0000DI848,12
B000B4KZU0,16
B000HHQBHW,13
B000BUFCMK,20
B0002AT3XS,11
B0002ASPK0,11
B00029K6X0,3
B0000DCXFV,8
B000259FWW,10
B001RC2TPE,18
B0000CCVCP,12
B000067OCV,9
9983755882,2
B0000B13MT,3
B000GHI4RI,13
B004H3XQ0C,18
B00014G7O8,6
B0000302Q1,5
B0000225Q6,5
B0001OP410,6
B00000JSG5,0
B0000C52NP,1
B0002D01KO,15
B0000C521S,1
B0000225OV,5
B00004TR7P,12
B005MR9TU8,19
B00004U8RD,9
B0002MGM4E,13
B0002D0BRC,15
B000A2K418,20
B0002DUQ3G,15
B005B9CIJQ,18
B003BE3CXE,7
B0018IKDX2,19
B00002N760,18
B000HIA5YQ,20
B0002AQISG,11
B00000ISVT,4
B00001OPJW,0
B0047EKSD4,20
B00006B9QQ,9
B002Q4U1SE,18
B0002VYQR0,14
B001A47K1W,19
B00BP5KG1M,19
B000GCQ02O,13
B00095LU6Y,5
B00016QP16,7
B00026BXSU,15
B0007ZYU6S,10
B006JGBLHA,19
B0045U54VG,18
B000056WU4,12
B00014DAHK,6
B00014FCJY,7
B004GAN4RG,20
B0002AQO9Y,11
B00004TKJX,12
B00008Z7LU,1
B0002E2XFE,15
B0000B155U,1
B00006IAAT,9
B000256DUO,11
B0009VLRBG,16
B000F4OIBS,16
B00023CWOM,12
B000ICIDYU,13
B00000JB9P,4
B001DH47QM,0
B00029NI1W,3
B003JHX2SS,14
B0002H4YU8,20
B000BDBSC0,20
9984222179,2
B00000J1Q9,0
B000EEQ8N0,2
B003TC5SM6,19
B0007V3K68,13
B0000AI0K1,1
B0007D91C8,14
B000EYBIJO,13
B0002604WQ,11
B00067AUHU,14
B000BYGNUG,2
B0002BRT4C,10
B000FUN6TW,13
B00188K75Q,20
9861006311,2
B000051SEF,9
B001PNU0GK,11
B000052YJK,7
B00023S4U8,12
B00066MA9W,2
B0000DGAAS,12
B000652XI6,2
B000A8967K,10
B0002MBSL6,3
B00005JTW4,19
B00012UTXK,6
B000186X3E,7
B00025YURW,11
B00004Z8HL,9
B0006BAJO0,14
B0000BYE5B,12
B000T4KV7Y,20
B0000AVDCO,1
B00002X2EJ,5
B000FGKD7Y,10
B00005RL5D,6
B0002JN4Y8,3
B0000E0JDV,14
B0002E2YWG,15
B0002F66II,3
B001K6XIOS,13
B0000C538F,1
B00004UFME,9
B0000302SM,5
B000HYKCFW,3
B0009WD3I0,10
9985547861,2
B001DEI69Y,18
B000HTO1OU,13
B00000J4J2,0
B0000AXU8M,1
B0000C6D8B,1
B00029BQYI,11
B000EA8V9S,10
B003O43X6M,19
B001KJJWCM,19
B00029JMJO,3
B00004TVF3,9
B008GNVHZU,19
B00004UDRP,9
B003562BTE,20
B0064FIG5Q,19
B003XF4IVG,2
B0001LONQ0,7
B0002CZYY8,15
B0002VOJPO,3
B00000JYKN,0
B0055L6C4M,7
B00023S6LK,12
B00002N5JU,5
B0007XH738,20
B00029NHQI,1
B00008IHSM,12
B000679MG0,20
B0000C6CL4,1
B00012OI4G,8
9967227052,2
B00005ATZJ,9
B0097ZFIU6,10
B00004RGWJ,5
B000G06L9S,13
9984988449,0
B00000JLSJ,0
B000EOHOY2,10
B000OTJAYY,14
B000HYKBU8,10
B000DZZBLK,14
B0002EQKBM,3
B00014D34A,6
B00008ZPK5,1
B0006MWPKA,20
B0002JM6PQ,3
8326112089,4
B002RU9K3O,18
B00014DZP2,6
B0000224OC,5
B0002ITFCO,13
B0000AX4CA,12
B00004TG53,0
B0009NXNQ6,16
1940169003,4
B000ANPRYQ,2
B002WJQCXG,19
B0000AVVN6,12
B00000ISFJ,4
B0000YUTNY,8
B0002JT0LY,12
B004HYEZEM,20
B000GW26TK,13
B00029JHF8,3
B000B5ZXEM,20
B0002NO7MW,2
B000FGGG98,14
B0000C6EHG,1
B00000J3ZS,0
B00017Y3QO,19
B00027O28C,12
B0000BW4SO,1
B000069RAO,14
B002ZCE6D8,19
B000A1AF9A,14
B0006FI8YE,16
B00029K20M,3
B000ECX1X2,14
B0002AQ1OW,11
B00001MXYP,0
B0003RJJS4,1
B0000ATJ0Z,1
B0002RNSNW,3
B00004RHFK,5
B00005OBCE,16
B0039E1GDY,17
B0001EW4FO,3
B0000BX8L0,14
B000E6MHFQ,2
B000I3C5IO,12
B0000ZRLJS,6
B0000D9N44,8
B00076P7G4,2
B000F1OAE6,14
B00017YYJA,3
B0095QOGYG,19
B00075RH22,16
B000BRMZGE,10
B0000XOGCU,6
B0006ZN5HE,6
8499004296,4
B0001GZ3VE,14
B0006NEW3W,16
B000XRHW56,17
B0002D03UC,15
B0000535WR,6
B0002NIJNA,3
B0001783MY,7
B0001BVK0M,8
B000GWCJLK,18
B000063ISV,2
B0000535RW,7
B0001418RE,6
B0002D0CLM,15
B0009F4X7W,13
B0000AXJ0T,1
B0000GGIHI,8
B000GB0NZK,14
B0007NXVNS,16
B0000224BC,5
B000BCDEO6,16
B0027AHD38,2
B008XMUYI0,19
B0002Q9EZ4,12
B0000DB4A4,1
B0002DV6ZI,15
B000B9UQUE,20
B0009F8POO,2
B0000BZF4I,1
B00006HQU9,9
B0054Y2F0K,7
B00001ZWR0,0
B00001MXVO,9
B000276B1S,3
B0072J0XHW,19
B000AV5LZ8,14
B00000JJ66,4
B0002E1O90,15
B00012FJJY,7
B000EOL9N4,13
B000022436,5
B00005V55Q,12
B0006J3D7M,16
B00007E1M5,5
B0000C7FGJ,3
B0008ESG8G,2
B000JLBS7E,13
B00347AFHE,17
B00009WNV9,9
B000B6CP4C,20
B00029XGNC,3
B0002M768U,3
B00006IE10,10
998382082X,2
B000P9XJ5E,14
B000HA8XRA,0
B0002F527O,15
B0001BV4X0,8
B002YT7YLI,18
B002IT6RBM,19
B004TLRX88,7
9985024818,0
B000052YIN,6
B0002LWBL8,3
B008L0AHCW,6
1781243085,9
B000BNB3MU,14
B0002CZVEQ,15
B007W9K9U8,19
B00029QYXG,10
B000067TSY,9
B00007LV7W,14
B000BKGQZW,16
B0002JMDXQ,3
B00006IFAJ,10
9985690311,0
B000BGN67C,2
B007MJGRGI,19
B00002X2HB,5
B00009XT0G,15
B0000CBIFH,12
B00024WNVI,10
B0006N2DHO,2
B00029K4M8,3
B000067P3P,9
B0000Y3FUI,7
B000BIBO2Y,2
B000BMKDZY,14
B00002NAOE,5
B0000224KV,5
B00000JFNN,9
B0000A340I,14
B0000Y73JW,13
B00005MKSR,9
B000100IEC,8
B0000AZ8CR,1
B000BDDGA2,16
B0006GW25Y,2
B001F0RB0G,17
B00004RK79,5
B00027O296,12
B00004YJZT,0
B001RCMX5U,18
B00A6F1486,10
B000141YBY,7
B0007LCZUK,10
B000BQRHAE,16
B0040J6QIM,20
B0002YDZE2,9
B0006KSL2S,10
B00000JT1M,4
B0002AS42Y,11
B0002FZB3O,12
B00029XEGG,16
998557558X,0
B0006U29Q2,2
B00094JP6C,14
B000846E58,16
B0002D0EEC,15
B000FKDF6G,16
B00004U9VU,12
B00004SBAU,5
B00004RJXF,9
B0000AVXJQ,1
B0002NI7LY,7
B0002YP0JA,12
B0001E3TBC,12
B000GECIS2,17
B0001TPZRS,7
B000JVCBBG,17
B005ARCQSW,18
B0041F6Q6M,16
B0000BYSQE,1
B00006JN48,16
B00004U55K,0
B000FBIXBC,14
B0009VRTPO,11
1933362871,4
B002DV6FI0,20
B002GZ9UFS,18
B0009XAHWE,14
B000G1QME6,13
9985035313,2
B0000TVV0E,8
B0000AH3R1,11
B000EOR3NE,17
B0002E2XOA,15
B000181T5G,17
B002HMTKM8,18
B001CJJ5SQ,7
B00003CWAY,0
B0006B3USM,14
B0009PLRXA,14
B0000636XC,20
B003O2YKAW,17
B00004TWM7,0
B000HYL2EW,5
B0002L6N7Q,3
B00004WFXF,0
B0000SX9VO,8
B00000IUHH,4
B000BZ9WW6,14
B003PC7WNI,20
B0002DUS9S,15
B0001VPS2S,18
B000H81CSY,13
B00008GKDR,1
B0000223FE,5
B0000TN7MY,6
B0000AZ7FV,1
B0002567VY,11
B000069E1B,20
9866458059,2
9862410396,2
B0002E394S,15
9866364720,2
B00005NDTD,7
B0006BAJHW,14
B0002D0L40,15
B000P7TDW4,17
B000EOOYWM,17
B00005V0WY,9
1616615354,4
B0002L730W,3
157054381X,1
B0006ZLC4M,2
B00003CWEU,0
B0000BYSM2,1
B0007XQFQI,2
B00004RK5F,5
B000WFZ5IA,17
B0001NZK56,2
B00008L3V6,11
B0001Q2WDG,12
B00031XU5S,14
B0002M8ZQM,3
B00006IAX1,9
B00006G9L9,12
B00000J3NF,0
B0000BW4YU,1
B00029TCT4,14
1933827041,4
B00000IW4F,4
B0012XLS1Y,7
B000G7WU32,14
B0002CZRTU,15
B00012TP3K,6
B000AIF174,10
B00004TX71,0
B000066S2Z,12
B00004RG5T,0
B0041MQZG6,19
B00000JHVO,13
B00006BBQY,9
B00004RKCU,5
B0000C6EU2,1
B0002E1JAO,15
B00000J47V,20
B0002E3NH6,15
B00062NVU8,16
B00006K15C,12
B000GPZ9SM,17
B0006J48WG,16
B0000Y3DAK,7
B00008KA7Q,7
B00373KPWA,19
B00005MITZ,9
B00065HS3G,16
B0000ZSK70,6
B004AQN7MS,18
B0000223S3,5
B00008KA7R,7
B000VUYGRM,19
9983740249,2
B0002MBDG6,3
B0002AQA2K,11
B000CCNTNG,10
B0002D00IC,15
B0007KQUMK,5
9991546634,0
B0000Y3PQC,8
B002ATCUDO,14
B0002NIH46,3
B000H824RC,13
B00000JFN7,9
B0002AQKKC,11
B00004YSYM,12
B00002N7AB,5
B004Y5A8TK,20
B00083KRVG,10
B0002AQCHS,11
B0001EWGYI,3
B00CCNZEMM,4
B000055XZS,9
B0000AYFM9,1
B001CG21M6,18
B00BORS0DC,19
B00004U12U,9
161992188X,9
B0006IJTY4,10
B001ICY80C,18
B0002ILK54,3
B0001DUTNO,10
B0076P7I1Q,19
B0000ARUIJ,1
B000FJKPKG,14
B000BVS0EQ,16
B00029K6Z8,3
B005OS4ALS,19
1929780648,4
B00005MIU6,9
B000E0Y0L6,13
B0002BBOR0,15
B0000AXUBC,1
B0000E2T3R,12
B00002N5WJ,5
B002Q4U1G6,18
B002YIUW3Q,2
B00271GWW0,5
B000FVUBJO,10
B0000ASV9R,1
B0000V860K,11
B00005A9W3,9
B00011CPJC,6
B000DT8TUG,10
B000CODWBS,5
B0007CIOT0,10
B0002AQMNM,11
B0002ZWIOE,16
1604189770,4
B00029TCSK,14
B00006Y01F,10
B000FHZ99A,13
B00000J1QT,0
B001DPNK9E,18
B000GEAMU8,14
B0000AXZWU,1
B00005MEE7,9
B000ANQH0O,2
B003JN52D0,18
B0002E37EA,15
B0001DSJR2,10
9868450640,2
B0000225GW,5
B0002Y630K,12
B0000AXO5E,3
B000H3BUCM,2
B0001XPC40,14
1403778809,4
B0000BYRTW,1
B00014ECZ4,8
B0001DUJH0,10
B0001KOCL2,6
B004G6V0IU,18
B00068JNIQ,14
B00005IBW0,19
B00008J1CE,6
B0005XOJCC,8
B001LBXAGI,19
B0002F50LW,15
B000BQPX1O,16
B0000ATHCJ,1
B00005ME5Q,1
B000BNC9HS,10
B00019HU7G,8
B0007WX1G6,1
B00008Y0VJ,1
B000FT7NYM,14
B0002565VQ,11
B00000J3LX,9
B000HEC25A,18
B004TSEBHW,19
1616616687,4
B00000JDF5,0
B000H6UP4S,10
B0002ASAP0,11
B00003CWA3,0
B000096M59,14
B000EFJOR6,10
B000WY1788,4
1892069180,4
B00014D1K6,6
B0002A5YWC,11
B0000X070K,6
B0002ARFRO,11
B0006FI7Y0,16
B0000C51XP,1
B00029JXNY,3
B00002NBSE,16
B0000AS848,1
B0000DD8NM,7
B0000C51X1,1
B00008CMOW,19
B0000VMN3Q,4
B0000AXQ1U,1
B0002E3DG2,15
B000FI4OAY,17
9790794509,7
B001DEIEKU,19
B0000ZSKC0,6
B0000AXB3F,12
B0000TZHZ4,8
B0000W5BSO,6
B000JVHW1U,17
B0000223XB,5
B000JOR1X6,14
B0002F527E,15
B006YGJGPY,20
B000GB3050,17
B008EAT00E,20
B0000645BO,6
B0000TYHD2,14
B000NO400Y,18
B0000AS74Q,1
B0002ARZL0,11
B0000CC64V,7
B001282EN0,19
B0006G4MF2,16
B000132VEE,16
B000255NH8,11
B0002XTY52,2
B00002NARN,5
B0006J3EWG,16
B00005O7J8,9
B0001VNZR8,5
B000AP1ITC,10
B000056B21,9
B0007IONDK,14
B005AR9GP8,18
B00062N47S,10
B000FA2YQS,20
B00000DMFR,4
276432202X,4
B00084Q3YA,5
B000EI4T8M,13
B0001EL97S,19
B0001M114G,8
B00004RAOH,12
B000FDVK1U,9
B000HQGTXE,20
B0000CCWFU,1
B00016XLMC,8
B0085WW1TS,19
B0000225L0,5
B004UI2GEG,19
B0000VLHK6,8
B0000AXHRH,6
B00014FGTK,6
B0006O2DYG,10
B000LJEG50,13
B0000E2SOJ,12
B0002E1FGM,15
B001GN5YPQ,10
B002ZNLNZQ,18
B0002Q7C1C,3
B0000538B5,7
971150930X,2
B0007ZAGNE,14
B002DUZFXM,20
B00002Z75X,9
B000IDACGQ,13
B000BN9DKY,6
B0002DUQC2,15
B0000EYK3E,8
B0001CXU5O,8
B0000DC2V7,8
B0000AZ4BM,7
B0002Q7ZU0,3
B0002Q7ZKK,3
B00005TNUV,9
B00009LI8T,7
9269807444,4
B00005V5OR,7
B0000AXQY8,1
B0052F5NB4,18
B000C159PS,2
B00005QCSC,6
B0000E2RIC,8
B000172RI0,7
B007ILM1JW,20
B00004SSRP,0
B00016ATJ0,8
B0001KH5QG,8
B0000CBJC6,3
B000COHHKU,2
B000JVAI7K,20
B003BQTJ34,20
B000VGX4TM,18
B000H8ADWA,19
B00006ICAY,4
B000GXQMLW,13
B000231EIC,14
B000BWI32O,13
B00007BHSR,2
9269803732,4
9985598288,0
B000H8UJRY,13
B0002D05ZA,15
B003ANZF4A,20
B001O80YRG,20
B0000595CS,9
B00002NB7N,5
B000BAT8PM,16
B001G4X0GU,20
B000BHIDQ0,5
B000146MSY,6
B000069EYB,6
B001T768GI,4
B0009XCH3G,16
B0009P68HA,16
B0002APYSQ,11
B000093HIQ,11
1613261810,9
B00017LRCC,20
B000F1OQ1I,17
B00025YRQQ,11
B00014IGBA,6
B0001KO7S0,14
B0009EN4W8,5
B0000AKADC,6
B0001JXDXG,8
B000KKV7DY,5
B000EOHI2A,13
B0002ARFNS,11
B00000IS7K,4
B00008VE35,12
B0000BVF8P,1
B00000IT4G,14
B00000IWE1,4
B00449OIBA,19
B0002AQITK,11
B0000AYHRD,1
B00025LR14,12
B0002AQDZ4,17
B0000536F0,7
B00004Y2YO,0
B000052Y23,7
B00004RALL,12
B00004SWKV,0
B001V53YYC,18
B0002D02T4,15
9628870904,2
B0000AZ4PR,1
B00068LQO0,16
1621916618,4
B0000AY7D7,1
B00A72FTTS,19
B00000JQ4I,4
B00006I9V4,20
B00004SDUW,12
B0002D04WO,15
B000EX0HA6,10
B0000AUVBN,1
B00001R3VY,0
B0002Q7IX4,3
B0001FI4RK,8
1622261259,9
B00009935T,1
B0038T0R30,17
B00004RHKU,16
B00002X1XV,5
B0001F30CE,11
B00065V0JY,16
B001DHP978,18
B00006IANW,9
9985744330,0
B0000U3S3G,8
161661126X,4
B00006FDUG,0
B000BF13XM,16
B000052XB5,6
B00028FB7C,16
B000052ZNT,7
9862417668,2
1933362901,4
B00008RW9N,12
B007GIQR6K,20
B00008NGC8,15
B0002NIL56,3
B0000DIRZS,8
B0000225V8,5
B0006O3YH6,4
B0002CZQO6,15
B0000AVVRU,14
998838288X,2
B0000536OF,6
B0009RNUKQ,10
B00004TZE5,0
B002QUHRA8,14
B0080GEYT4,19
B00029JXQ6,3
998570729X,0
B0002E582O,15
B00000IRZ6,13
B0000302WA,5
B0000C1XU6,1
B0002APRHE,11
1616617020,4
B0050XAYXK,18
B0009HW0B6,10
B001BORKYS,18
B0002D0BUE,15
B00800P11A,8
B000EJ794M,17
B004VBTSMA,19
B000052YJC,7
B000F4V5HI,7
B000GE9XI0,14
B001S4A8QS,7
B0000AR5HR,1
B0000BYE3N,12
B000BKY99W,2
B0001CKHYG,3
9985612272,2
B000GB0MRY,12
B0001FT34S,8
B00000K3QX,0
B001MTVOJY,19
158994920X,4
B0000AX28O,12
B0006J4EFW,16
B000CD3L3S,16
B0002T3TGQ,12
B0000223NM,5
B000BMK0NO,14
B0001G7JGQ,7
B000096R2Y,1
B004H3XWII,18
B000AVH444,14
B000FFL58Q,14
B0002BIOAK,11
B0002ATZ0E,12
B000FSQTSE,18
B002ZJJ04Q,19
B00016ATHW,8
9269808920,4
B00000IT07,4
B0041EJ1PG,18
B000FENZMG,16
B0002KSJU6,2
B00004TKUH,0
B00000K2FZ,4
B001D78T0C,7
B000G7YNXC,14
B0009SZHVU,15
B000BLJ8AG,14
B0006OJAGU,10
B00013Z0P6,7
B00024VU58,15
B00004S1TU,12
B0000C07WP,13
B0002D0CCQ,15
B0001T2K7Q,8
B004IXU6AO,20
B0000E6I6M,6
B0002CZXMG,15
B0002GMUBE,3
B0002F4TCS,15
B000GC20J6,17
B0001UEG8G,8
B00006690A,2
B000AANVAG,2
B00002245G,5
B0000C1XOV,1
B000FZ6Z9A,10
B0002U3V8Q,12
B00094ASXG,17
B000AO6LRM,13
B00084EVBC,12
B0002RSSHS,12
B00003CW9S,0
B00000IW29,4
B0002X3KMU,12
B0000Y3CYC,6
B0002APT36,11
B000COXACE,1
B0001QNMRG,8
B004H3XUEE,18
B0000C6HFS,1
B000FBQOZE,13
B000FMUTS6,16
B0002MBSKM,3
B00005K4ZM,12
B0002KO3FQ,3
B00000IWAP,4
B000BKQSGO,16
B000BQP1D4,16
1403765049,4
B00014DG9W,6
B0002F56C0,15
B000JEL3BM,13
B003IT6PF4,20
B0002CZQFA,15
B00004RA85,12
B00027GW5S,3
B0000TLFM8,8
B0000AOWPB,7
B000BMT64I,10
B0002EOFFK,2
B000052Y6H,7
B0001LQJZI,8
B0002EKD4M,15
B0000225Q7,5
B00002240O,5
B002RSEHR0,20
B0002D0BTA,15
B00007LB78,6
B00013KQK0,6
B00001OPJX,0
B002MRO7H6,20
B0009WOUTG,2
B0002E57GG,15
B00002N7FQ,5
B0000DGFAB,12
1589946456,4
B00000IURB,12
B0006HTZ80,2
B0000C4KJ7,16
B0002L6D5S,3
B000BO6NY2,16
B000I2H4WC,13
B0000DID6J,8
B0002E291M,15
B0002DGKKO,11
B0001V6E0I,8
B000H8MF44,13
B000P9BY2E,18
B000H8H0W6,13
B00095V0YQ,16
B003AOWE8E,17
B0000226AJ,5
B0001EKYM4,7
B002CJLUWO,17
B00004S9J9,12
9985736605,0
B000AYJFQ6,14
9985573560,0
B000A8017E,13
B0009MZIVK,16
B00026UTM6,12
B00004UDPV,9
B00002N6UP,5
B0001RVNLW,11
B001664P94,20
B004FRZ45K,8
B0000D94TV,8
B0002JDCOK,2
B00002X2I9,5
B0002AR0G0,11
B000JSUZJY,13
B0000DD1E5,16
B00002N5IE,5
B000V8DH92,7
B00006B7OH,9
B002HGF0J6,3
B0000AUVBO,1
B000CCCWF2,10
B004H3XVZM,18
B0053Y3B4U,18
B00009R80W,10
B000EOLL1Y,10
B000142S6Y,7
B0002JA5VI,12
B000EOFHXM,13
B0001EW4C2,3
B007RMYN66,19
B0073CUZLC,19
B0000AZ82L,11
B0000AAEIU,1
B0000TLFLO,8
B00006C7HP,12
B0000B38N8,1
B004443WFI,18
B000B0Y938,13
B0002CZW4K,15
B00006BBOA,9
B00004Y7KS,9
B00022EX86,2
B00029J2VC,3
B00017XCYS,8
B0002D0JQU,15
B0000AXFTK,6
B0002F1D5Y,20
B0002CZSKI,15
B0002YPCVQ,12
B0000E224G,8
B0002GU0QG,16
1936023024,9
B00000DMCL,14
B00014GGDK,8
B001GS02V2,17
B00008GKDX,2
B004XLDMAC,18
B0002D0LLS,15
1619831678,9
B00005A1OS,2
B000FOTA9S,14
B004WFYV40,19
B000255O22,11
B0001TROEU,8
B000LNQ6V8,8
B00009ZY40,6
B00029WSXQ,3
B00014EE3O,16
B00002NAA7,5
B000066B1B,7
B0042UMGEW,7
B005U55I84,7
B000E7DS5S,2
B000NPVDHG,6
B0002YFR98,10
B0002D05UA,15
B000BYGNTM,2
B0000C85L1,13
B0000CCYLN,12
B0000B154Y,1
B00005UC6B,6
B00009X3UW,1
B00012NID8,6
B001TUZI1Q,17
B0000C51II,1
B0002E2BL0,15
B00068UGA0,10
1937005089,9
B000A6KOW8,6
B0009A5KUQ,2
B00000ISPA,4
B000BMS22K,10
B003CP3OS0,18
B0000532R4,7
B0002IJXDA,11
B000GYW3YQ,13
B000VOMYAY,19
B00004U47L,0
B0000224CR,5
B00000JDE6,9
B0000C53QS,1
B004Y7511S,18
B000KKJVOQ,5
1593955995,4
9867853156,2
B0002TTLP4,10
B0000DI835,12
B00028ZLJ0,11
B0000AUXI1,1
B0000789TL,14
B000BH79ZQ,14
B00000JBXJ,0
B0002AS8G6,11
B0000AVW68,1
B00008BR9S,14
B00001W0ET,2
B0000CBJBS,12
9985744926,0
9985606183,2
B0000AKOT0,6
B000E434IW,2
B0000DJBB4,2
B000AQDSNK,20
B000OOU4EE,14
B000052YMG,7
B0000C53WT,1
B0001TSWWS,7
B00A716E48,1
B0000532PC,6
B00001ZUNN,0
B000052YD1,16
B00004SCIP,0
B00002N5G8,5
B0002D0B3Q,15
B00004Y2VM,0
B000SY37LC,17
B000F4SP08,16
B00011CQEG,6
B0032AMC8I,18
B0015IP33K,1
B0002MGYG0,20
B00004S9KP,5
B000E59LRE,10
B00029JHH6,3
B0002Q7FV4,3
B000141UXG,19
B000EI06JI,17
B00006G2OS,2
B0000225EK,5
B0002F4N0Q,15
B0050KJKR4,18
B00004U8FT,0
B001KZC79G,17
B000096QAX,14
B000063S3Y,9
B0030J6D0O,17
B00BON8XF6,19
B0000AY2DL,1
B00006D2R7,13
B000227PC2,20
B0000AXC2X,16
B00005OKZ7,1
B001PL5Q5C,17
B0000531FC,7
B00016XJQ0,8
B000Y3JTFU,17
B0000636YN,7
B00061F350,13
9983037025,2
B00004YJYZ,0
B000144GXM,8
B00004TENB,0
B00000JHXD,4
B00000J4HY,1
B0002D02CQ,15
B0009ZBJQK,14
998951089X,0
B000F1CUC0,16
B003DUJ2QC,18
B001FQ98EW,17
B0000GGI28,8
B0002DD5R0,3
B00095MRV6,2
B001AP1M42,17
B000EW6FOO,16
9866595935,2
B0000532AB,6
B0002NUNCK,3
B0028SZR6E,17
B000CS9TNY,14
B001E96OBA,17
B0002ASMQC,11
B00002NAQT,5
B000FBK342,13
B0045FP664,18
B0014XAGG0,7
B002O4YHV8,17
B0002E2SVS,15
B00004UFFI,0
B0002ER24Q,10
B0000AXTBJ,3
B0001ZZISS,15
B000M3D5JI,17
B001L0Z8WS,17
B0001I9XO0,8
B00000IWHK,4
B0002D0EK6,15
B00007L1HR,6
B0017WBTG4,17
B001ECQ57K,17
B000928E2A,2
B000BNEQEM,17
B0000DD1CG,16
B0000CEZBN,1
B00008GS99,12
B001AJB91Y,9
B00008GS96,12
B002WW3GA0,19
B00005CDSQ,7
B000092OX4,7
1589473221,9
B004UMOUO6,18
B0000DAIOP,7
B0002KR646,16
B003QRMEP8,17
B000BQWKCY,16
B0007X24VS,10
B0002KNWE4,16
B00097E7X0,13
B00002261Z,5
B0000VLXAU,6
B000AN7HD0,16
B0000532NQ,6
B00000K0G4,4
B00004SGBS,0
B00005QJEG,9
B00011R3P8,6
B00004RBE7,12
B000KI8XHO,20
B000GBT9FA,10
B001OW0KKS,20
B000182F1S,3
B0007D2BUM,16
B000DZY0SK,2
B0000223DO,5
B002ZNDZDY,18
B0001M0Z0C,8
B00312T5GE,18
B0052UR13C,19
B000J45DQ8,14
B0000DJDHM,8
B0000A0BN8,20
B00002N8HH,12
B00017UZ34,7
B0000BYSWI,1
9867245857,2
B000BQROG6,16
B0001MQ7FO,3
B00024ENFM,20
B004W6IKGE,18
B0001DLLN6,12
B0037IYUCG,19
B000BD6ATQ,12
B000255UYE,11
B004JBX92W,19
B0001D67IK,8
B00006WNPM,6
B003CJDNDW,19
B002YL2MRM,18
B00019A97E,7
B0000CBIL1,12
B0001CXUAE,8
B0007Z8M3A,10
B0002D050U,15
B0002DRJDQ,11
B0002J9XCK,12
B000052YKG,7
996715067X,0
B00136F3CA,17
B0002E1VI4,15
B00004SZ9D,12
B000GEF7PS,14
B000BQPAFI,16
B000052YJE,7
1594414890,9
B004CGE6QC,20
B00004RH1K,5
1934026506,4
B00029MTMQ,15
B00000DMER,4
B00004WCI7,0
B000BD4NRM,13
B00078ZHQ2,14
B00394DQDM,17
B000BB7ACO,16
B0031KDLY8,19
B000GV7R9U,13
B0016CTG8S,19
B0007R5MPO,10
B00069BVGW,14
B00014EO2A,8
B00000IW2U,4
B0007ZQ9JO,16
B0000DD1FC,16
B002AHAP4M,20
B000NZN48M,4
B000059Z89,0
B00005NGRF,9
B007VQQQ1I,7
B003E79JDU,20
B0007D2BRU,5
B000FNJ0QC,20
B00002NAPH,12
B00000JDD4,20
B000ELIWJG,10
B002BBTBC4,19
B004ZTB1J6,18
B0000224CI,5
B0002F9YHI,3
B0002D0H9O,15
B0002E57LQ,15
B0000GGQAC,8
B00005V5OV,7
B00000J0B7,4
B002V87MJQ,17
B0000AXUGW,1
1938146964,4
B000H6DWZC,13
B0002E2U98,15
B0008EHUHE,13
B00016R3RG,11
B0000CAQ1A,12
B0000AYJQ3,3
B00000ISA7,4
B000068V2I,0
B000F6UCUC,10
B00020BM1Y,3
B000BQQ81S,5
B0007YZ69Y,2
B004QO5BLY,19
B0002E58GK,15
1620570416,9
9985622456,0
B0000DCX96,8
B0000B1585,1
B0002BUHI2,11
B00018TY94,7
B00009V3FR,1
B0002RNSHS,3
B0009XTPAO,10
B000VCL808,17
B00005U249,20
B0002A6V9M,11
B001QV8IT2,17
B0000AMA6N,1
B004C3XGIY,18
B00006FXGC,20
B00004Y2YA,0
B0006LA5XA,9
B00004WZQO,0
B0002F4VTY,15
B000AHRGJG,14
B000EF285G,13
B00009K2YU,14
B0000DG53S,8
B00CFCLAVE,6
B00002X22B,5
B00007L1IO,6
B0002KO0SQ,3
B0002D04JC,15
B0002JMDWW,12
B0001654J0,12
B00002N5V6,5
B00004TS2D,9
B0001EW01W,3
B000XFYEC2,19
B000EZUOW0,20
B0002LD3FQ,3
B0001NZX4E,12
B003EAI212,18
B00004WETR,6
1556344732,4
B000GT6NOM,10
B002ZNGFPO,18
B00002N7AL,5
B00004RBDZ,12
1595456473,4
B00006AMS3,9
B0002MBUPK,3
B000BF436G,16
B0002LBGWI,3
B0002D081G,15
B0000AQ1RN,1
B00000JBMA,9
B0002E4XX4,15
B005B4A3CU,18
B000021YTH,0
B000FVE1VI,10
B000S6Q3RK,14
B00001MXYS,0
B0000YUZLU,7
B0000DCXF7,8
B000HAPM2E,13
B0006SJB24,10
B000UW0GZM,18
B0002YD4GG,12
B0009FUWJA,16
B0000DIWH3,7
B0000GI3O4,8
B0037ZYN9O,19
B00166G6FU,20
B0000C50K3,1
B0000223IK,5
B0001XPC8Q,3
B0000DD4V4,16
B0001LEMRK,12
B000Y81MGO,19
B000BPQH4C,14
B0001TREHC,7
B00006RVJL,12
B0000223VQ,5
B001HWCMC4,14
B001M8Z1NA,19
B000AVDXTO,14
B00004UG25,9
B0000223YZ,5
B000141HA2,19
B00002N7QV,5
B00014EL2S,7
B004WI55M4,19
B00029JK5A,3
B00002N59A,5
B0007ZLBO2,16
B000055WBK,6
B000157TNA,3
B0000ARTID,6
B00002N6QE,5
B000G0ATGE,10
B0002Q83Y2,3
B0001E3LCO,8
B00000JB6X,0
B0002LWEXI,3
B00010Z1VW,6
B0002ASFZU,11
B0006J3LJC,16
B0002PQSCC,17
B000078CXM,7
B000255UR6,11
1589949358,4
B00004Z9XE,9
B003TIWRM4,19
1594721270,4
B00014D7IW,6
B0001DS4SQ,10
B000FMWYOI,16
B00004Z5L7,9
B00002N7DE,5
B00005NAWM,6
B0000CCYLK,12
B0000224YT,5
B00004S25K,12
B000NPVD7Q,19
B0001BV0MA,11
B0001ZNZKG,13
B0000AUYI0,1
B00004ZBQO,12
B0000DAZ2G,6
B000HYRU0M,13
B0043S989E,18
B000063D33,12
B0055P3KF2,19
B003CEVFV4,18
B0000225P0,5
B00018CWL6,8
B000FGDID0,7
B00006IE0T,10
B003RCZT4U,19
B002CRZYFK,18
B0000DG5CP,8
B00002NCJY,16
B000TVK8WA,20
B0006J4WAO,16
B000U6ZSCE,20
B004J67SHO,18
B00002NAI3,5
B0002E4Y2E,15
B0001EW044,3
B0002DRKGM,2
B00012YMAQ,12
B000182EWS,3
B0002IXOLC,16
B0002NIM6E,3
B001TUYNKS,17
B000F7UBO8,13
B000HWLSMA,10
B003CH7Y2A,17
B000162MT0,8
B005B46SD8,18
B00006BBQZ,12
1579823076,4
B00005NPYU,14
B00004W433,13
B0000AQMIC,1
B000ELVEMI,16
B003IIV2IK,19
B000H6ZPZM,13
B0002568KY,11
B00006IFN9,10
B003YEOFXC,6
B0001BOJGO,7
B0000X0XIQ,6
B0000AY4YE,1
B00000J4CX,0
B009L1UK68,13
B000JF9GP6,13
B00002N90P,5
9984971929,2
B00005O7FI,9
B0000300CJ,0
B00015HOV2,8
B001B66QKK,17
B000006J86,19
B003ZQAV8M,19
B00025K0Q2,11
B000FKBTBO,16
B0006A0GOO,14
B00001P4AA,0
B0002D0CEE,15
B00029JMXK,1
B0002Q7ZHS,3
B0007UNU46,13
B00008KA8E,7
B000EAPWW2,13
B001CMQ2IE,14
B0002P5IAU,14
B0000AUY91,1
B0000223VX,5
B0002DGIJM,11
B000E9T6TS,14
B00AEM3I9E,19
B0000DIYIL,8
B001IFON2W,20
B0000ZHH2Y,6
B000J5K52Y,13
B000GBTVMQ,10
B000GRRSK2,10
B000FHFM10,17
B000G80D5S,13
B00027GXEI,3
B00014D804,6
B0001GSPB4,8
B000GZ07RU,13
B0000BYRZJ,1
B000006OQ8,20
1562973584,4
B00791D85M,7
B000TMM9DU,20
B001003W22,17
1622260953,9
B001LV0B9W,17
B0001227QC,8
B0002D0P3C,15
B000A8AZ8Y,10
B0021F5RQ4,7
B00002JXB9,9
B0000D9N38,8
B00004U0DE,0
B0001MQ7BI,3
B004QO79EG,19
B001HC54SS,19
B00002JUZ8,0
B00027H1YE,3
B0002D0LCC,15
9867245350,2
1932697632,4
B0000530NK,7
B00005QEYV,9
B0007WZN26,2
B0000224P9,5
B000E3F3NW,16
B0000DC4EM,0
B00015YRO4,10
B00005T3VP,9
B0000EIF38,8
B0002M7CUM,3
B00004R7OK,9
B000BKHYL2,14
B00005380R,6
B0053Y2YUC,18
B001F88A7Q,18
B0002AQ58E,11
1905176503,4
B00005OA4M,9
B0007WZMRC,2
B0001NE9F8,14
B00004XRD9,0
B006GJPLJO,11
B00014DXOK,6
B000BULNTQ,13
B000FMYV4O,16
B0000223HD,5
B000F8MFXC,10
B000172R6C,7
B008NTZPQO,19
B00006JXU1,6
B0002H4CN2,12
B000067NLA,9
B000EOL91Q,13
B0000ZRGPW,8
B00000DMF2,4
B00004SABG,0
B001U5JQ1I,17
B000JX5JKY,13
B0000638XJ,7
B00004XRDO,0
B0000535SR,17
B0002DGS10,1
B00007DWBH,14
B0006N3KJE,2
B000641ED2,10
B003F25W0I,17
B0006VSHDU,2
B00062N47I,10
B0000D9N1E,8
B0000223I0,5
B0002HRKC2,18
B0002APM2O,11
B0029TFRS0,20
B00004SDZS,12
B00000J3H7,0
1623143330,4
B007VQVEOM,19
8325210079,4
B004VN96HU,18
B00029J3Q6,3
B0000Y3CV0,6
B0000WS95G,16
B00008CQSW,8
B00002N7RO,16
B0002Q7WQ2,3
B005B4E3HQ,18
B000ALMPCU,14
B002Y9NOYE,7
B000BT55PU,2
B000CR40HU,13
B001F9V4BO,20
B0000DD1EJ,16
B003BIGDEA,18
B00004THMT,0
B0000E2VGF,12
B004CR4NO6,18
B00630WFW2,19
B004C40H26,18
B003BIGDM2,18
B0002A6V6A,11
B000B7Q9KM,10
B0000AS5ER,1
B00000IU0D,4
B00008KWO7,14
B0000ZFZMS,12
B0007CIOVI,10
B0006HEOOK,10
B0000DG567,8
B00014DZCK,6
B0000CBJCQ,12
998379599X,0
B0001K5L08,8
B000F1OPZU,14
B000CP2LFU,14
B00099XLYO,16
B0002E3L32,15
B00004S88Q,0
B0014REJ28,17
B0005JO764,3
B000ES438S,20
B0009VLV30,16
B0002RFNJY,13
9985048911,0
B00000IUNC,4
1741570670,4
B0000AQOGG,9
B000BPS0PG,14
B0009PDTFY,13
9980772468,2
B0006JJ9WA,16
B002YE1ZQS,0
B00006B7XB,9
B00AZHGG2E,19
B0001FUJPA,8
B000B85A7E,9
B00074W9LC,10
B00008IHO0,7
B00000K1RT,0
B00099QATM,2
B000GEAMWQ,14
B0002HYI9K,14
B000BKQD82,10
B0000BY4UZ,1
B0000225O5,5
B00004TZE6,0
B001O105PY,20
B0000AXQA7,1
B000JQPMPI,18
B0002F5026,15
B0002AQ5DY,11
B0001DMTSW,8
B001U3Y9LC,19
B0000ABOXY,6
B001AOBGOO,17
B0009O5OHG,2
B00092DXL2,20
B0002ASM94,11
B0001I0WKE,2
B00007EPKB,2
B00000JI2E,0
B000GTBN06,19
B003KTLYIU,14
B0002F4M66,15
B000BZ4SFM,13
B0000224UR,5
B0006O02CG,10
B00016X0AA,7
1403710066,4
B0000E2SQF,12
B00014DGBU,6
B0001EXM7S,3
B000EMJA28,14
B0000UHZOY,13
B000BPG5R6,5
B0000AUZ29,1
B0002F4VC6,15
B000FLCZ5M,13
B0000AXDFT,3
B00000JDD6,9
B0002DVAOA,15
B008JF5L3E,19
B0000AQOAP,6
B0002F4Y8C,15
B000AN35VI,8
B000GEDX1I,14
B00025MMUO,12
B004C412BG,18
B0007XTNP8,14
B0000SWISO,8
B000B5LWMY,13
B00012PPSY,8
B000GHWSCA,17
B000BV1SHW,2
B00093D5LY,5
B000V3MHY8,19
B00005T3T4,0
1607230372,4
B000189NSQ,15
B0002VJKTO,2
B000EMRK48,14
B0002IXJ8A,12
B005XI85I8,19
B001H0GCZO,10
B0000YV8DE,7
B0034Y9ZBY,18
B000NN1WXI,6
B0000223PI,5
B003TQQ59W,20
B00006IDWW,10
B008X3656O,19
B00000J0E2,0
9790801645,7
B00006HREY,9
B000OH27X2,14
B000246XUK,2
B000B5KWAC,2
B0001UQWDS,8
B000BOKAMI,14
B00000JIFK,4
B0002E5842,15
B001B16YZC,19
B000AD2YY2,14
B0000BY931,1
B0000223YK,5
B00BON61MI,4
B00004RB6L,12
B0000B3ARX,12
B00006690D,2
B002LN6KCG,17
B0018DYWFM,18
B000056WY9,6
B00002SX0O,9
B0084AN7C6,19
B0001JXDUY,8
B0009WFZZO,13
B0000535EO,7
B0001GV4MQ,8
B000BMI8RO,2
B00013Z0LK,6
B00CF38SAO,19
B00003CWDG,0
1604189681,4
B001QFZ6TS,18
B0000AXZ5A,3
B001EMU0P8,0
B0000223OJ,5
B000HUXOWE,13
B000BY4Q5A,10
B005BNMDDI,18
B0001TQ9Z0,6
B000H8H0FI,13
B00004VXO0,0
B0000532NR,6
B000194ZRE,7
B000WPJIME,20
B0002E3AHY,15
B00BF007FM,19
B00C2QSVIS,19
B00002NDTK,0
B001ET70HM,17
B0000AXVAA,1
B0031XDHBC,18
B000142NDC,7
B0000E2YEW,8
B000HKI3BQ,4
B0000532WR,6
9790797710,7
B000EIC81M,16
B0002IK9CY,15
B002ZNBZFY,18
B0007LCZOG,10
B0000C1KLS,0
B00005UWMI,14
9983833085,0
B0000AUZ5R,1
B002Z7RKOK,18
B00004TDWV,0
B00006BBD5,9
B0002AS5B4,11
B002CJLUWE,17
B000065CE6,6
B00004RA4V,12
9861748539,2
B00264XT3S,20
B0000Y3C9C,6
B00009WC69,18
B0002KKJ22,3
B00002N6WR,5
B00000JFED,0
B000141N56,19
B000CENF3I,14
B001GUW31W,20
B003DUPBRG,18
B000GTS9MQ,1
B0000B12FX,12
B000GAZ4NC,10
B000J36HKU,13
B0002E52OI,15
B0001TRAFS,6
B0002E1GUC,15
B0000AX7WZ,16
B00000J51O,0
B000065X1N,17
B00014D2ZA,7
B000BO5A2S,16
B004XL0XFO,18
B0000TGTGU,8
1589944666,4
B00000JMS9,4
B0000C7CCH,1
B0000534CJ,6
B00000J03J,4
B0000DJT2U,8
B00006HZKU,9
B000GBO9C8,10
B00004U8RO,9
B000FRCQFA,17
B0000BYRZ3,1
B0002QZ3UO,3
B000087QWT,12
B0000AX82T,16
B004XLE0I0,18
B0002EB5OE,15
B005VEDZKC,19
B0002RNSI2,3
B00080L2IQ,2
B0002EWR6Y,15
B00023RXFK,18
B00005A1LX,0
B000HHOFPM,13
B0002ARWUO,11
B0000AU1ZU,6
B0002RQ8UW,3
B000194XZS,7
B000LD5AE2,0
B000ZLXYKC,4
1937005062,9
B000FGVK1W,13
B0001LQY3K,16
B00029WRJQ,3
B00000IUYR,4
B00004RH1H,5
B00004SY4G,0
B00030EOWM,14
B00029JLDG,3
B0001EXKMU,3
B0000E5YY6,6
1604189835,4
1933318937,4
B000CP2X9O,14
B00004RAKX,12
B00029WXL8,3
B005O0VMYO,19
B003G2YXIO,20
B00006BIJC,2
1933054549,4
B0000AVGGY,1
B0002D0BV8,15
B0002BWLLS,20
B0002DUPZK,15
B0009W8DLC,2
B0002AQIBI,11
B00004S1DL,12
B0000535BD,7
B00553E346,19
B0000AFW83,6
B0002E3B0K,15
B0000DJEJP,6
B00191SVYG,9
B0000AY7V9,16
B0028Y4C50,18
B005G8U1XC,20
B0055F9SBM,19
B000139ZHU,6
B00000DMFM,4
B00006B8MM,9
B000022554,5
B0001GLG8I,8
B0000UTUNI,7
B000O0OQT2,14
B0000AVW9L,1
B0002DGKJA,11
B00004UDPZ,9
B00004RALZ,12
B000BMPWNC,2
B0001217OA,8
B00007EFL1,7
B00025K0SU,11
B00002ZZ4X,9
1617681512,4
B003CHTWBQ,20
B00000IUJI,15
B002H0U4IO,14
B0001886DO,7
9861332987,2
9985543238,0
B00004TVSQ,0
B000X8YG2M,14
B0002ARLRS,11
B000EYAZI4,10
9966573453,0
B000143CFA,19
B000GF2L7E,20
B0000223LG,5
B00000IWEU,4
1622261011,9
B0009NWMDG,13
B0002F5AVM,15
B00013YXO0,6
2914849648,4
B00024QG70,2
B00006BANH,2
9269807045,4
B0002E2B24,15
B0000AUSFW,1
B0000BY4UK,1
B00008GKDC,1
B0000UJG3M,10
B000BV34QU,2
B000FMZ3JG,16
B000CO0BR6,10
B0002E1UTY,15
B000ICICY6,13
B0007ZBCDW,14
B0000AVB9Z,1
B000BTA53M,2
B00067XKNG,19
B0002D0I2U,15
1616613858,4
B0053F7NSO,18
B0002RNSL4,3
B0000AZ75Z,3
B0002CZWPE,15
B000233XRM,2
B00017WSGQ,8
B00006RGMB,1
B001DPPU6A,18
B0051W8HU2,18
B0002DNUY8,15
B0002F6688,3
B00014E1PK,6
B000208CGM,16
B0000CDVMV,6
B00008J2DI,12
B00000JSGC,0
B000E655DW,16
B00006IE1F,10
B0009NWNLM,13
B000075BCZ,1
B00000JNF9,4
B000FKFYME,16
B00BQK7AX8,19
161661188X,4
B00008N6YN,0
1617650560,9
B00008CQLS,14
B0006B685O,16
B003F8KRF2,20
9983850184,2
B000J02DQU,13
B0000TZYAW,16
B00000K4LJ,0
B0001XDU9E,7
B00000IZJ2,4
B0036GAHIK,19
B0000536A3,7
B0002D0BZO,15
B001TPUR3A,19
B0001G7CB8,7
B00005O3VE,9
B0002RNS28,3
B00000IW3I,4
B0002DX4IA,15
B000BPS0HE,14
B00008W71W,12
B000FKF136,16
B0000AYHTM,1
B0000AXW9L,1
B0000E2Y9N,8
B003UI2GXI,20
B0002ZPZYO,16
B000P9TO9Y,17
B000EJ9OD6,13
B00002266V,5
B0002MBR7Q,3
B00002266Q,5
B0002KL6D8,3
B0001O02US,12
B00029JZTQ,3
B00005OA4H,9
B0000BYS7I,1
B006TSMR0S,19
B0002E51H6,4
B00004RGVL,5
B00006IDLU,10
B000I38OO8,13
B0002D0ES8,15
B00009NQRO,14
B0001IZXUS,8
B0000C53V5,1
B0000AZ6YN,1
B0048BKCHS,7
B004IPWKWO,18
B0002EXMHM,3
1620573008,9
B0000223ZA,5
B000ERPR2U,14
B0002L6ATC,3
B0000A9YB4,6
B00006F716,12
B0002E55JU,15
B004M189OM,20
B0001NV3OS,14
B0002D0NM0,15
B00002261L,5
B000FZ9254,10
B00005QT3E,9
B000F3ISD8,13
B0000AZ771,10
B00570QTQC,18
B000FGM4TO,13
B0002805SM,11
B000E14G7S,2
B0002D05K0,12
B00012NCBG,6
B000FMXUB4,14
2764319045,4
B0002MACK4,3
B00004Z60P,9
B000BQSVMC,16
B00021TMTW,3
B0053K4YI6,18
B001ARKKF2,19
B0002E3920,15
B00000J4UC,9
B003VARD38,20
B00023CWPQ,12
B003JOUJIC,18
B0000225DU,3
B001B9W1U6,18
B000249FC8,10
B00006JZV5,14
B00003006B,0
B0038RNY5K,20
B0002AWJGG,12
B0002AQI6I,11
B0002D0BSQ,15
B000A88MSE,16
B00015WMV4,17
B003XEUSDO,18
B00029JK14,3
B00004U89X,0
B001EYCFX6,17
B0001EL9DC,7
B000K87FVY,17
B0001ELY96,3
B00004TMOK,7
B0019CF2BU,18
B000A86FE2,10
B0000E5JWV,8
B0000302WW,5
B0007R6L18,2
B000F6X2Q8,16
B0001UHSRW,8
B0001AFJAK,6
B00000JDFW,0
B000FDXCY8,14
B00006JPDB,20
B00012PP20,8
B0010KX70O,5
B0015ILH80,14
B000GEFH1C,14
B00004Z1SU,9
B00029PM2U,11
B0000ALPKP,12
B0000E224F,8
B00007J5WE,1
B003SETC40,19
B000FYXGSO,14
B0006O5I3Y,16
B00002248Y,5
B003XG0E4A,11
B002D3015Q,17
B000G0JF8M,17
B00004S21F,5
B0000510IW,9
B0002AQPE8,11
9985561597,2
B00023JISK,2
9985042050,0
B000H6OZDU,10
B0009ET5FS,16
B0006IJZD4,10
B0002E2AQG,15
B0000C5G71,1
B0002C9DGI,11
B000030071,0
B000BX5SNU,2
B000NLFX7G,7
9861049576,2
B0000DZGVG,7
B0002E2LY2,15
B000KRVC8W,13
B000FMZ7R4,16
B0001M0ZZW,8
B00AAZYGAU,19
B0006ON4C6,16
B000VIKSDU,19
B0000DID5S,8
B0000YI8BY,7
B00143THGA,19
B000GEGMR0,14
B0002E2CDW,15
B000255P0I,11
B0002AS51E,11
B00004VVUW,0
B0002DW03U,15
B000062SPJ,10
B0000ASU29,15
B0002APJOA,11
B0000530RP,6
B000EMDTS4,14
B000X14W50,20
B0002YUPCM,10
B00C2K9034,19
B00861QLO4,20
B0002ZP9CW,16
B0002DUW12,15
B00020D10E,2
B0001VK8K0,8
B0001TQDOM,7
B00004SYO3,0
B00095LIK2,14
B0006J4DOE,16
B00006GNWR,9
B000CRDCG0,16
B000024M5R,10
B0002JLR4W,3
B0000302VV,5
B000022429,5
B000053031,7
B00004TYP6,0
8326114928,4
B000099ZE3,4
B000HSEOW0,2
B000UU3RQ4,20
B00007M0GT,2
B0000302X7,5
B004V2L9D0,18
B000066PGS,20
B0007OECDA,10
B0000DKXOW,16
B0006LA120,16
1616617675,4
B00025K16Q,11
B000TGNNZO,20
B000J40STA,4
B002F8FGP4,17
B0000AGPO9,1
B0000GHNU4,8
B001ULD71C,20
B0002D06Y0,15
B0000DIZ6N,8
B0000AYHCY,1
B001DJXQAS,20
B0000AY6KG,3
B00004Z6KE,9
998376413X,2
B00005Y1V4,7
B0002TEHV2,13
B00005QEWJ,7
B003CX8E1E,18
B004Q3TEOK,18
B00029JXPM,3
B00005375C,7
B0000BY4XN,1
B0053F80JA,18
B0000AXX08,1
B00029X0B0,12
B0000CGES9,12
B0000224MC,5
B0000224IT,16
B000A7S52S,14
B00002N7GT,5
B00006IANO,9
B0002D02SA,15
B00004U9VT,12
B0001IX72E,5
B0000DID78,8
B00000IWD3,4
B0000TA3BW,8
B00CCNTP7W,19
9981712000,0
B00001TPXU,5
B0001K5LWQ,8
1936024365,9
B0007IO43Y,14
B0002D05TQ,15
B00004Z5CA,9
B000X7XMZA,14
B00029JJEM,3
B00009V3VI,16
B00004XPNR,0
B00004Y7LQ,0
9984977005,2
B006X36GII,19
B000C7O2DC,16
B0002Q8TWI,3
B0009PGVQI,2
B00009QMQY,1
B002CX4Q94,20
B0002ARL32,11
B00002NA0Y,18
B00008MORK,7
B0000BVGFH,1
B0002ZP4YU,16
B0000AV2EW,1
B0006NU6KK,1
B0001WP8T0,8
B0000AXP28,1
B000J6ASWU,13
B00007FRYE,18
B00006HP3E,9
B002WY5P2A,6
9861162135,4
B000EOJK7G,13
B000NG3N9Q,17
B00002X1XS,5
B000CCY08Y,10
B0000AY0NT,1
B00004RANH,12
B00005B9C5,12
B0000BYMWM,1
B00004RH14,5
B000E7P9T6,4
B00004YVCQ,9
B00004RHCU,5
B0002D0ELU,15
9983796740,2
B002YXUX2Q,14
B0002D0FD2,15
B002MBG6G2,20
B000066B17,6
B00007EFL3,7
B00006IC2B,10
B001HBPK88,7
B00000JBMP,9
B002YIE8GS,17
B000FERLJY,16
B005AZRUTE,19
B00016JE5K,14
B00006F2OW,15
B001929MMA,19
1589946928,4
B00008PC25,7
B0000D952D,8
B0054Y532M,19
B000BARDX6,16
B0011MYBYW,20
B00000JII9,0
B000173IJM,8
B000155N7O,7
B0002E3CHC,15
B002CW42AS,17
B0006LA2WE,16
B003NFXXTO,19
B000141YHI,7
B002F0MOQG,18
B0009OE06M,10
B0007XH73I,0
B00014DGVK,8
B0009VEMB8,10
B000HUV84U,10
B00073HJGI,14
B000CSPD8E,20
B0006N2DJC,2
B0000AX9JW,16
1622260724,9
B001QBZO4O,18
B0001689V0,8
B00002263O,5
B0001KH6M4,8
B0002F5562,15
B0040QKDRA,4
B0002TEG5O,14
B003YD6A54,19
B0001R05J8,8
B002ZVOMAQ,17
B003CME5PY,17
B0001ZWMMI,7
B000O242OY,17
B000067OCR,9
B0000AY0SQ,1
B008HZ7BH0,19
B0000ASCRS,1
B004O4EOA0,20
B00000JXV5,0
B0006IYHGY,1
B0002D0M2Q,15
B0002ASMTY,8
B001IMMYJY,17
B000P7RIQM,17
B003N71Z2O,19
B0006IJZG6,10
B0000DBHIU,14
1134872615,4
B0006HUJOO,10
B0002F4Y6E,15
B00000K3RX,3
B0002KRC5O,3
B0002D01JU,15
B00068O250,14
B000052YKY,7
B000JLFK8M,4
B002NB4H6W,14
B000F4UOWK,16
1620211513,9
B00008VE34,12
B0000VLHB0,8
B000A8BMIG,10
B00008CQLV,14
1403766355,4
B0002E373Q,15
B00004S2XZ,5
B003GFAY6Q,18
B000GGTLS0,17
B0000225E6,5
B00000J42B,0
B000OGV9LY,20
B00029J3BQ,3
B0000C5367,1
B00B92S9VA,13
B000069K7Q,7
B0000721UA,1
B0007KKAJE,16
9790793227,7
B0002ARTK2,11
B0006HIHCU,10
B0000CCVLD,12
1616611219,4
B00004TKJ5,12
B0002MBDDY,3
B00001P5O0,9
B00004W4E8,0
B000GT6UHW,10
B0000AY9V5,1
B0002AQKJI,11
B0002KKML0,3
B007MJC7QW,6
B000UVWGGK,18
B00017XF68,7
B0002AT6WQ,13
B00002N5FI,5
B0002AS18Q,11
B00024SIK8,2
B0000B15HP,1
B00C3FRLVG,19
B0002NILNS,3
B00C7MGZGW,19
B0002AS514,11
B0002E2YD0,15
B00017UZ8Y,7
B00012NDQU,6
B0053Y39HE,18
B00008O2XN,6
B0001EKRYO,7
B0002AR0GU,11
B00000JYXK,0
B000CBR4BA,17
B000GEDM2S,14
B005B9DQOM,18
9790793294,7
B0000CBGBT,14
B00000J4K3,9
B0006HUJQW,10
B0002AS5PK,11
B00004TX68,0
B000052YOH,6
B0002NYDYE,1
B000H6G0N8,13
B0000BXKET,8
B00002254T,0
B00018CX4M,8
B0001LVX4K,8
B0016ZW0SI,20
B0002J21Z6,3
B0000DISV4,8
B00015HBEM,7
B000BQSFJ6,16
B000FAG892,13
B000ITCKLA,6
B000GHVFB0,0
B000256E2G,11
B0000VLXU0,6
B0052FUTKO,4
B0002Q7ZIM,3
B000SFRPZK,19
B0002E1I1Y,15
B0000BYRNH,1
B000CGCL6S,2
B0001DUTM0,10
B00000JHVK,3
B002IPHTZY,20
B00062N43W,13
B000HUX5MS,10
B00005304W,6
B0002AQKIO,11
B000F1HJFI,4
B003ART3HG,17
B00005K3B3,9
B001394AOO,19
B000BOLLX0,14
B0000AQMI2,1
B0000223KC,5
B000FLZDU6,17
B0002EJ8KW,13
B0002564ZS,11
B000G7TJXG,14
B0053F8B1W,18
B000P97ET6,17
B000F8XHVG,10
B000FKHL9I,16
B0002EK37Y,15
B00B4FRIUU,19
B00004RK56,5
B000BI2QKI,14
B0000AVVQB,1
9984923061,0
B000087BK6,12
1617680893,4
B005ARCI8U,18
B00006IDX0,10
B000I21WXO,20
B0002E2XH2,15
B00094OWFQ,20
B0002EKFEA,15
B00005331F,6
B00005K4PO,9
1592847021,4
B000E327S6,16
B0002DJR68,12
B004Q23AFU,19
B000B1ODK6,16
B0002AQA2U,11
B000FKJYHA,17
B00013TQAG,6
B0001JXDOA,8
B0002E46DG,15
B0000C87VF,1
B0000CF47O,3
B002JPNEM0,18
B000052YQL,7
B0002KNZSC,16
B00000JBMZ,4
B000E5VIPC,16
B0002BG4O8,15
B00000JKKR,0
B000HUV6ZG,10
B0000AV1HO,1
B002RMKOUA,20
B0011YNH2W,18
B0002E3NEO,15
B00006488V,8
B0081RLAQ2,19
B0002LEAVM,3
B0086RFU1S,20
B00002N6VV,5
B003TRW590,19
B00000IS27,4
B000HDU9PQ,10
B0007SN5KC,20
B000BMHVFY,18
B0000225E9,5
B0001H22L2,8
B0002MBKDW,3
B00004RG82,9
B00005NK1F,17
B0006HUQ4M,10
B00094NPNG,14
B0002E2CCS,15
B000IR8J2G,17
B0002ASD70,11
B0002L6CJA,3
9981730459,0
B0000WZZU8,3
B00029J3AM,3
B00006RK5D,12
B000052XKL,6
B000J0OVK6,13
B0001YQTL4,7
B00002N81J,12
B0000BURRF,1
1589942485,4
B0001EW4EA,3
B0007VVGY6,14
B0000BYOIO,1
B003CSX8Y2,17
B000GID422,14
B0002D0CJO,15
B00000JCU9,0
B000134XZO,17
B0002ARFQ0,11
B0002EKIZ6,15
B001FOR9C2,17
B0001BGTTY,8
B000HVHF78,10
B0002ASBUO,11
B0000536QZ,6
B000E873US,14
B00029J4HY,3
B000BQKBPC,16
B00005US4E,9
B00005LLYR,2
B000BZ6LYI,16
B00002245X,5
B004Y6KW0Y,7
B00006697V,4
B001J4W1YY,14
B0000DG56I,8
B00020BOMQ,3
1579823106,4
B000256EW6,11
B0006SH3WY,13
B0001EXNTK,3
B00004TS3M,0
B009XT6OKY,19
B005I034K0,19
B0001YC3EQ,12
B00000JB6P,0
B0000WZWSI,2
B003Y5O9F0,13
B0000223YN,5
B000BKY604,2
B00000JLA0,4
B000UAU6XG,20
B00025643A,11
B000F1LJSQ,14
B000BXVX52,20
B0000AQL22,12
B0000GKI06,8
B00144RDJC,17
B0009OOR92,16
9861207244,4
B0002F52HE,15
B000A0ZPQE,20
B000DZBFRE,16
B00000JBL2,9
B00004RAZX,12
B00009APB7,6
B0000224YN,5
B000BQT4FU,16
B0001H2244,8
B0000D9N8Q,8
998576790X,2
B00013Z268,6
B000063JE5,7
B0000AXV4M,3
B0000BYM8G,1
B00000ITUI,4
B00063KZRY,16
B0002MBBFE,3
B0002D03E8,15
B000F7NPWS,13
B0002U40BS,12
B00006L9L3,19
B000YB1TV4,19
B000SZN482,1
B0002AQ1VU,11
B0093Q74O2,19
B00004UB7C,9
B0000AS5RQ,13
B0000AY2HB,1
B0002JN2ZO,3
B000AB0RCU,14
B00004YMBY,0
B003BIGDNQ,18
B000BO8368,16
B00009YFV7,6
B0002ARRSG,11
B00029JQ5O,3
B000BQLYIK,2
B001ET769O,7
B000GIP9UW,10
B0067OOK68,19
B00005308K,7
9985665899,0
1932514104,4
B0000302S4,5
B00025MMUE,12
B0000ATXRK,1
B00085EX00,16
B003I8F060,19
B000FMWCY0,16
B0000GIORK,8
B0000AVEGS,1
B00000IZCF,4
B0001218T4,8
B0013NU5ZS,17
B00000IWGB,4
B0000206GU,0
B002LDHG4C,9
B0032B3WMW,19
B009WCERWY,19
B000BT7GDO,2
B00008VE3Z,12
B000O7F2R0,20
B0002XRHRE,2
8932910251,17
B0002DGIK6,1
B00006B8Z0,9
B00164XGCS,17
B00005A43Y,7
B00009LI4I,18
B000246EN6,3
B001Q88MIM,17
B00014IEEE,7
B0001LAF0I,7
B0002ZP4QS,16
B0000798D7,6
B00002248X,5
B0006HFEXA,16
B00014D6N8,6
B001PB0MLA,18
B0000532JK,7
B000E0ELS8,13
B00005JD3M,7
9983811243,2
B000GP1O90,10
B00016X6ZE,7
B00015UEM8,8
B00004W6BV,2
B003IR7T7E,18
B00005ATYV,9
B0000U8XXQ,8
B0002E2X0Y,15
B0046795MM,19
B00004VUGR,0
B0000AYGWR,1
B003DV8744,19
B00004RAJ5,12
9967367415,2
B00016WUEW,7
B000BGOGCG,14
9981734241,2
B00004UDQ3,0
B000G35LSW,14
B000H71INE,13
B0057QVYOI,18
B00079PEKU,17
B0000DJ7RJ,8
B0001BMPQ0,8
B0002E1V5M,15
B001HUZ5ZC,17
B000050ASF,7
B0000AYEO4,1
B0001KOQ0O,7
B0000AMA6W,1
B00000IUQI,4
B0002D0ERY,15
B00008DHOM,12
B0001VOIVA,8
B000EOFG3I,13
B000FHDMP8,16
B00011EXK6,8
B00001ZUI2,0
B0002CZQ0K,15
B00012TL3Y,12
B001JEPC40,20
B00002JXG5,9
B0000AX9L6,1
B00310IOWM,17
B00005RV5Z,7
B00075S3KM,16
B0036RBM9W,7
B004ZEVGIM,18
B00002NASX,5
B0011EB814,17
B00004TJVH,9
B0000BZFUP,1
B0000DCXEU,8
B00004S55P,12
B00005KI3J,9
B000BNH3XS,2
B000E90PBQ,13
B00000J1G2,0
B000F1O8JI,14
B0000DIYHZ,8
B0002E1NRI,15
B0002568AO,11
B000096M5Y,17
B0009K3IAK,16
B00065U66M,16
B0000C1Y2Q,1
B0009CDHJK,2
B0002D094M,15
B0000AX5RC,12
B00005V5ZJ,12
9790799764,7
B00025Z6U2,11
B000BV9YWI,14
B003P2UTVU,17
9657084059,4
B0000CCXTQ,5
B0000C6HI6,1
B00000JDJN,0
B0000223YV,5
B00001ZUIB,0
8374250038,4
B00099QATC,2
B0001AFL4O,7
B000EMGCA6,4
B000052YKM,6
B000DN8A7Y,9
B000NP3H02,17
B0006J3Y08,16
B00002K14G,0
B0001K5KNQ,8
B000143C0K,6
B000CR3F5S,17
B0000AOEN4,1
B0002D0JF6,15
B00007IFDU,0
B002V0HVK4,20
B00006IEFP,10
B000F898B4,18
B000127UVY,7
B000BTLJL4,14
2914849850,4
B0002PUIEQ,3
1589941039,4
B000JF5R7M,13
B0006LB1A6,2
B00009Q95P,7
B0001PB9BS,8
B000075YO2,6
B0001974OK,15
B0000AZ781,3
B00014DRLY,6
B0002APL70,11
B00005QT7Y,9
B000BVM8BW,20
B00000IV6Y,4
B00000JSFS,0
B000GRQDE4,10
B00020BOKS,3
B000BW1H0O,17
B000OT9LWK,20
B00000JCSF,9
B000COZP0O,20
B0008KL6F0,2
B00004Y7KT,9
B00065H5HU,14
B000152JKS,5
1607230720,4
B0002LZU7K,3
B00013YMW8,8
B0002CRS9M,14
B0000223X7,16
B00004RHJ3,5
B00002N5KB,5
B000G6FRS8,10
B0073UX2IM,7
1623999863,9
B000085ORM,1
B00005T3NN,9
B000A86FPG,10
B00006HVCE,9
B0002ZP3G4,16
B0000C4B6R,4
9981739634,0
B00004Y2VH,0
B00004T1XD,0
B0000V0AKE,5
B000GAZ5ZE,10
B000MUEDFG,17
B0009VTT8Y,13
B0000AYIHE,1
B00005REAK,7
B0002ISR6O,12
B00000IWFB,4
B000EMRK5W,14
B00005NGRP,9
B00AO7ABB2,19
B0088IAXJY,20
B0000C1I1V,6
B00011R3YE,2
B00006IAOC,9
B0007RUNPS,13
B0000ATIYB,12
B000LQDDMU,14
B0002EJU3W,15
B00002JXG9,0
B0000AXPDX,3
B00014D8E0,7
B002YXY070,17
1616613963,4
B00002N6X0,5
B00028HN3M,11
B0001EXKNY,3
B000000O44,0
B000GBRO02,10
B002PXSXYU,11
B00005AL03,12
B0036XNMTE,19
1609964225,9
B00029NCQS,9
B000GFWUUM,20
B0000224VL,5
B0006HXP4A,10
B000PGHMA0,17
9269808025,4
B000EIIN0W,17
B00002X2G3,5
B0001CLZL0,8
B00005JAFA,9
B00004XRD8,0
B000K52S5U,13
B00011EXJ2,8
B00062J8XC,14
B00004TYP7,0
B0019MLMQ4,18
B0006H5WIW,14
B000EGV5KO,2
B000A8AYO4,10
B0000224B9,5
B001ORC9IO,19
B000J00WBI,13
B000ECX1XC,14
B0000T0Q8M,6
B000FMR48Y,15
B0001XGNGQ,19
B00000ISKG,4
B00006F713,12
B000GGVGSI,10
B0000530M9,7
B000EF5INU,4
B00008VE36,12
B0002AROQ6,11
B0000AUX3T,4
B00004TBKI,12
B000I1VO0Q,13
B0002D0DOI,15
B000G0A4ZK,13
B0002A5XHI,11
B0000AVZ2R,1
B002PK0ROW,7
1616615567,4
B000227C8E,3
B000BQVQS8,9
B00005323Y,7
B002SSEMIS,17
B0001ZWZ9S,6
B001F0RB3S,17
B000XZJW60,17
B00013Z0ZQ,6
B00002245D,5
B000065DK4,7
B0002D0DR0,15
B00BTKW36Y,19
B0038IYKMK,19
B000X0213G,17
B0002AR16E,11
B00006BBDS,9
B00025YW84,11
B0006J4THU,16
B0002AQ5XY,11
B0000ATQFR,1
B0026W4ZW4,9
B0000AE6BY,10
B001RV5SLC,9
B000J2VW4W,13
1601064306,9
B0000225IW,5
B0002ZSFVE,16
B0000223MB,5
B000E95IXQ,16
B0000636XQ,9
B0002D0C6C,15
B000CFGYWQ,13
B0002D0FQE,15
B000EOHDL6,13
B0002DURHQ,15
B0006J44WK,16
B0000ASEWS,1
B0002ASGUE,11
9984990451,2
B000KZPBFY,20
B0000C51UB,1
B0000BX6RG,1
B0009JLTIY,14
B0001V55HG,19
B001ASD7BA,18
B0002AQRIC,11
B00000JDKS,20
B0002ASMSK,11
B000GZS4DO,13
B0001EW030,3
B0002F4YBE,15
B00002N8ZV,5
B000KK0HL2,13
B0000UVR84,8
B0000Y3PBW,8
B000EDROWA,14
B0000C0V0G,1
B004NEULCQ,9
B00B35ICCO,13
B000E82YI4,14
B0000531WZ,7
B00009QMQS,14
B0000532GW,6
9985574095,0
B00000IRMM,4
B0000BY4VB,6
B000K6QW0Q,13
B0000AVVF5,1
B000093HLR,11
1589949323,4
B00015DY02,7
9991549358,0
B0000AXPVH,3
B0001G7I58,19
B0009VQJI2,16
B0000USUSE,7
B0021JA166,18
B00000IUCX,4
B0000CEOJK,11
B00009XV7P,1
B000F4S96S,16
B000GVEL5S,13
B00009WBGD,1
B000H8L2BQ,13
B0000530YM,6
B000302IAW,2
B000066TI6,9
B0000CCV54,10
B001KGQRHS,18
B004N9TR08,19
B000OS198A,6
B000BOB1PS,16
B0036IOJK0,17
B000EVFE42,13
B000BS3ZUI,20
B0000532I1,6
B0009RP7YI,10
B0002AQH8C,11
B000B1OARM,16
B000256E3K,11
B0000AMK86,1
B0000649E5,14
B0040ICVTG,20
B0001AQCVU,7
B0001EXM8M,3
B0006IYGEM,10
B000052ZNF,7
9984974618,2
B002BH53AM,17
B00014D2PA,6
B002HOQE5C,17
B00029WVJW,3
B00002267R,5
B0009A1F6O,12
B0000AYG8Y,1
B0002NUNVG,1
1589944313,4
B0000224S1,5
9967362049,2
B000022622,5
B000EHW9D0,6
B00005QXYP,9
B000BVXVTU,16
B0002DGIGK,11
B000182F0O,3
1621914852,4
B0000630KW,14
9983036436,2
B0000223JM,5
B00006I5QK,9
B00013EWSC,14
B000093HJE,7
B0000ZLEG4,7
B0002AQI7M,11
B0036B8S2C,17
B0000DC3QL,8
9269807908,4
B00025K0VC,11
B0001TQBLM,7
B000288WCI,12
B0002KKITQ,3
B00439HLRE,18
B0000537Z2,6
9983035448,2
B0000U7REW,8
B0001URNEK,12
B00066261O,10
B00000J58E,0
B00002N8UO,16
B001E6FNNS,18
B0002D0R30,15
B0000VLHGA,8
B0002DVCBQ,15
B00000J2HZ,4
B0000BYNNY,1
B00004SDZK,12
B0009OAOTY,2
B00000K3BR,4
B00004U9VK,12
B000CIF2NK,16
B002OQCYZ2,19
B0002CZUS8,15
B0012VJKZM,19
B00000J570,0
B000BPHNW2,16
B005BA4RNK,18
B0009XB27S,16
B0000224KA,5
1616614803,4
B0006HURBO,10
B0002AQA7U,11
B000J26ILE,13
B00004Z8VJ,9
B000E227Q4,2
B000BTVP1S,2
B0000AJ07G,1
B00006XKLE,6
B0000AUVMC,1
B0053Y35F0,18
B0002APMC4,11
B00000DMFE,4
9861921850,2
B0000C53AH,1
B00014I9NU,19
B00278YCS4,17
B0000DIVUB,8
B000CNJ7YA,16
B00028ZLD6,11
B0000AXZGQ,1
B0000AYHJ9,16
B000052XDV,6
B0000D9NBV,8
B000023VUG,0
B000GC9ADK,14
B00012FL5G,17
B00014FBEU,6
B0000510OR,9
B00002970C,0
B000052XQ7,6
B0002ARTN4,11
B005B9DOAI,18
B000065DF0,9
B0002F51XO,15
1574891812,9
B001RJ45KO,19
B003FGE1TC,17
B000000O2I,0
B00000J3HB,0
B000FD53W2,9
B000FK9X26,16
B000IZ95XU,9
B00005QCR9,6
B00015EERE,8
B0002E3M9A,15
B00001RME1,10
B0009UBSFC,14
B0002OF41E,14
B0000AUSD3,1
B0000ASDJT,1
B000GL22UE,13
B00002X2IE,5
B00000IT40,4
B000GECKDU,14
B0002563YA,11
B0006J4U4C,16
B001CMEB82,19
B0002HYFNO,14
B00016X9M4,7
B000023VTW,0
B00006AMQH,6
B0000536M4,7
B0009EYS5A,14
B0000DBN2I,8
B000069C8B,19
B00014DNWW,19
B0000224D7,5
B004RRC4TM,19
B0000DE52P,12
B00002N542,16
B00001XDXR,0
B0002E4Y4M,20
B00015QGKC,14
B0046DNVF8,20
788897001X,9
B00004WINT,2
B0001BO6HG,7
B00003CWBK,0
B00004U89W,0
B0006GQ5NY,10
B000EPMDYC,13
B00004RKAZ,5
B0002ASYG0,11
B005MI8NI6,0
B000FDSKZY,13
B00004Z6TB,9
B000V59TNS,20
B0002D087A,15
B000BT8U9S,2
B00000JDGF,0
9985586174,2
B00002QULL,9
B0002F6YIA,15
B000BPI4IY,16
B00006HZ5F,9
B00002ND64,16
B001TUZI3O,17
B0002AWJY8,13
B0000302SG,5
B0001WAMO6,3
B000GONN4K,17
1589946243,4
B0002APJ5O,11
B0002E1PNU,15
B0000BYD6T,10
B0002EK8X8,15
B005FP5UQY,19
B0002M9UTS,3
B00000IZYV,4
B000H3VFCW,13
B000IVAQSM,9
B00004THQ0,0
B0000AU1ZN,6
B000KA5GI6,13
B00005337S,7
B00002NAVU,5
B008SJJRPO,13
B0001BVD04,8
B00000JGVY,7
B004XLDY14,18
B00006WNR5,12
B0000223OH,5
B00005KAPW,3
B00008IM9W,6
B00066XI7U,20
B0031XQRE6,18
B000JID5MS,13
B000HE9YQK,18
B0001J2NEQ,8
B00020OEHI,13
B000EOFI6S,13
B000HF6IEA,10
B0000225L3,5
B00006IANQ,9
B0041PENL2,19
B0002F51PW,15
B0002E2OX0,15
B0002AASH8,14
B0002PQB6U,12
1609583590,4
B00005308H,6
B00004RIPF,20
B00017XA9K,7
9985558766,2
B0002I4GW8,12
B0001E3LBA,8
B0000AEG24,6
B00005OA4K,9
B0002E50WM,15
B0001EL8CE,19
B00083MH28,10
B000099Z9K,14
B000FMUGOS,16
B000053377,7
B0000DBN2G,8
B00002N6GD,5
B00893P316,12
B0002D0Q40,15
B0000AY0K8,3
B0002AQ1OC,11
1403742618,4
B00000J53N,9
B0002GD0VI,12
B0002EJYTM,15
B00018B3KM,12
B0002D073U,15
B0007VVGWS,14
9967228148,2
B000B6KPW6,0
B000022470,5
B000AN1J2K,10
9269803058,4
B006NQFH7G,10
B003SD9EXA,19
B000HDSNBI,13
B000BR072S,2
B0000B381K,1
B004H3XVXE,18
B00000JBMI,9
B002ZNP8Y8,18
B00025K0Y4,11
B0000CFOGT,10
B000E9UCMI,2
B0000C1XQD,1
B0001MXELY,8
B0000BY93O,1
B00000JZNE,9
B000AME6F8,16
996736016X,2
B0002E3DAI,15
B000063WU0,7
B004XPNXN4,18
B00001ZWTY,20
B00004R8O3,5
B0001WAO8U,14
B00000J2F2,4
B0002F4Y2S,15
B002G5DTJQ,14
8742242827,4
B00006HUP7,9
B000H6KZYS,10
B00004RKBW,5
B0001SQAHI,2
B0002J9V8G,12
B0000303I7,0
B00002263L,5
B000CRFOWK,14
1589942469,4
B0001TJ9RK,7
192978001X,4
B000022468,5
B0041OOZE8,7
B0009V375A,20
B00004STHL,0
B0000630N1,12
B009G2788A,19
B0001W2VZY,8
B00005LEX8,12
B000B2I4KA,14
B0001EVGCG,3
B00001TPXO,0
B0009W4MTO,2
B002AMVEXI,17
B00026Z4A8,11
B000052YOB,6
B00005O7GO,9
B000CCUG00,10
B00006HVCF,9
B00005NQB7,7
B00004Z5V7,9
B0003031V2,2
B00005T3EJ,6
B008Z80XQA,19
B0000AUYJ4,1
B000142ZFS,7
B000X4F0C6,20
B00118SF16,20
B000UUBP1S,20
B00A7ZASBY,19
B002T8V34S,17
B004O4KVUM,19
B000BHQ19G,5
B0001E6DD8,8
B00008MNZQ,6
B00014IFO8,8
B0002BG4UC,15
B000094Q6D,6
B00006JPH7,6
B00016XJX8,8
B00005V5MU,14
B004SGPGJC,18
B0000DJAUZ,6
B0000DI82F,12
B000234IO4,12
B0007XMDH8,1
B0002D0R6C,15
B00001XDXY,20
B00004SP9U,0
B0000DD1MO,16
9867853415,2
B0001EWQWU,3
B00005Y2CL,15
B001THSHDK,19
B0002LBGIM,12
B0000Y3D00,7
B0000AWC54,18
B00029XI4E,3
B0002JETO2,14
B00002X2GS,5
B0000224BW,5
B00004R8UD,0
B0000GIVDW,8
B00020CWU4,2
B00005AUW9,6
B0002E2LYM,10
B0000AY0FF,1
B00007DTAU,20
B0000C511F,1
B000GYY20Y,13
B00001P4O4,9
B0000530PH,6
B0007CNJ2C,16
B002APHC2M,6
B007M81A6G,19
B00A8IAH9I,19
B000296Z08,6
B0000AJ3QC,6
B00005LZNN,0
B0057CDUYO,18
B000QU3ZBA,7
B00002N7KM,5
B000F5FJNS,14
B0002E37LS,15
B0002E3FOM,15
B0002APT3Q,11
B0006SL0VO,16
B004R7GR9K,19
B000FM0558,0
B003GFAY52,18
B000302MKI,2
B0001DUCC2,10
B000AUQG4Y,13
B000A1GTRW,2
B0002ASP64,11
B002AUQT4E,18
B000HE56OE,19
B00009V32O,15
B0000691JH,6
B00006JEG9,12
B0000Y8IOQ,19
B0007WQHQM,0
B000E5Q86Q,17
B0001MIIEM,12
B00025637C,11
B005B9CGT8,18
B00004VUGV,9
B0000YV9QA,19
B0000D8UNZ,1
B0000V828G,11
B0050KKCYE,18
B001DPOMPA,18
B0002Q83Z6,3
B0002E550E,15
B0002ZP8S2,16
B001BNQM3O,19
B003ZSFKDG,19
B00083MMXC,10
B000V768FI,7
B000A7YFSQ,13
B00004RK7A,5
B0000AUUGO,1
B00002N5CM,5
B0009B72UQ,20
B00004XRCX,0
B000ICNAZC,13
B000EMLB9I,14
B00012BZUG,6
B0000GHXTK,8
B0002E4ZKU,15
B00001ZWSN,0
B00015EDS4,20
9985600363,0
B000CQ6I7G,16
B000B1KMRY,16
B0002EKKSG,15
B000BMFHLE,5
B000069LIC,9
B0002F59A4,15
1620570505,9
B002D2TZ7C,19
B0000AEK91,6
B00013YZIE,6
B00000ITR9,4
1580375626,9
B0002AT1TO,11
B0002IXMFA,10
B000EGL5UE,13
B00000IT1G,4
B00283WP1O,5
1933362847,4
B0000YE25A,8
B00019HUYE,7
B000AXRW9E,10
B0002AS6T0,11
B0000ARUNZ,10
B0006SL1S6,10
9985558634,2
B0001DRGVW,8
B000023VUJ,0
B000067R6B,14
B002UKLVMY,17
B004YJR7G8,20
1574899627,9
B00000DMDY,8
B0000225YM,5
B0002ADQOU,14
B000FGFXQU,14
B0000DCX9O,8
B001OA6DRY,18
B001DHLMNI,18
B00081KSRQ,10
B001KWZ26O,19
B0007KK9BS,14
B000PUKK4Q,14
B000B8KIDA,2
B00004Z63X,9
B000083GF7,12
B000M4C8EK,14
B000BOPE5Q,5
B00000JGR3,10
B000O242R6,17
B000BQ8E1A,16
1601340508,9
B0050KK2XU,18
B0001GDKVE,7
B0000TFYU2,8
B0002D0BWC,15
B000EOFE4E,10
B000BD5FXI,16
B005AR71IM,18
B00000JGMX,4
B000FEJ0XE,13
B0001NDV7K,20
B0023U7WR4,6
9269808742,4
B000Z6GFQ2,7
B000H8IZY8,13
B0009MK8GK,13
B0002KKSEG,3
B0000DISV8,8
B0002M9RFU,3
B00016LYU8,8
B00000IUP2,4
B0002D0HX0,15
B0008G1Z3C,12
B0000AJ057,1
B0002AS9LK,11
B0009IYRAM,13
B000H2BMZS,17
B0000225UM,5
B004QKPPH8,14
B000CSNVFQ,10
B000FK99Q6,14
B00004TZF9,4
B00076KSW2,14
B0000AS0DI,1
B0007SVA0Y,20
B000FLXW8G,17
B00366KC3U,1
B0009SO9ZK,2
B00004RK4R,5
B00008V407,6
B0002AQK48,11
9985596889,0
B0000C07U8,1
B00025Z6FM,11
B0001FR0NE,8
B000WTH8F4,7
B000CRSBEI,14
1403737010,4
B000069LI0,9
B00002NCMM,5
B0053F88EM,18
B000S95Q70,19
B000ATCYL4,13
B000255P80,11
1936023490,9
B00028IX8G,11
B00004TS3O,0
B0002MG6ZE,14
B0000A0AG5,1
B0001YEYP2,12
B0002BIO4G,11
B0000516K4,10
1604189924,4
B000FPYPU6,10
B00000K5DS,0
B00029QOS6,3
1580375936,9
B0000DJF59,8
B000GVCAY2,1
B00011EXLU,8
B000052YJA,7
B00004YZM1,2
B0000AVG79,1
B00016XJRY,8
B0000YGZM8,6
B0000304ZO,0
B00006IA5D,9
B0007NZTSS,16
B0002JKE50,16
B000G7VIGM,13
B00004SDUR,12
B0000225JZ,5
B00000JBMG,9
B0002APVQ6,11
B00000K0DD,9
B000YJR2M6,19
B00005BLZ0,6
B0001GV246,8
B000063KDK,9
B0001V52N8,7
B000197YTU,11
B00000ISFR,10
9984972895,2
B000030312,5
B0002JM8PY,3
B000HDX8JA,10
B000DZBXKI,13
B0002AQMU0,11
B0058FMXOI,20
B00009YFV5,16
B0033PRORG,20
B00014EF2O,7
B00382QZD8,9
B000067SXH,9
B0001Z980C,7
B00016QRG4,19
B0052P11GK,19
B0000224J5,5
B00014E1D2,6
B0000225DP,5
B0002WRGIA,2
B00005RHF3,6
B0002NIK2K,3
B0008F79CY,14
B0000DI1BH,8
B0000AXTBQ,5
B00023CWTC,12
9868626862,2
B00013Z1HS,6
B00002N7PS,5
B0002KHDI0,12
B000QUZ9GO,19
B0000AZ8MD,1
B00347AGGE,17
B0007YXCZO,16
B00000J4AU,0
B00004S9AK,0
B00002N7VJ,5
B00004WFZU,9
B0002D0BOK,15
B000IZTRCO,13
B0002F56QG,15
B000069UZA,9
B000KI8RKC,20
B00025YSBK,11
B00029T4DI,14
B0001EJ4CK,8
B0002133GA,10
B00028MOK4,16
B003AQ4XZE,19
B0053Y2XQM,18
B00016X10Y,7
B0002UVS4A,12
B00005K2QE,9
B0002MBVBS,3
B00025646W,11
B002ST6V9A,20
B0007KXNVQ,16
B0000AYC0V,1
B00000IZCW,4
B0000C5G7G,3
B0001VU7D8,6
B0002JMU2U,3
B0000BXJIO,11
B0009R4EDI,13
B0002EZ4TG,16
B0002JMV06,3
B00005T3SO,20
B002M6LC5W,20
B00029XBBO,3
B00006HO37,9
B0002D0E1K,15
B0001EXPB6,3
B00000J2BF,4
B0030HPWX0,17
B0006IJ6GK,20
B0002APZNA,11
B0000C4KJW,6
B001VEA2YI,10
B0002ATAKY,7
B00005TPU2,1
B0000630MT,12
B00097E9S8,10
B000GFJAB4,20
B0009F6OZQ,2
B000H3RFRG,13
B0002NILZ6,3
B000GZ6GGG,18
B0000223I1,5
B005B45M7Q,18
B0000AX9MT,12
B000G80OD4,14
B0026M4N5S,18
B0050KKM4Y,18
B00002N9IK,5
B000BO9KZQ,16
B0002CZS4O,15
B00016WSIU,7
B0000X0W1E,8
B00012YLS4,12
B0000AS2HD,12
B0009VXN8G,13
B0002E3L2I,15
B000A6Y7EE,2
B0000WURJ2,6
B00394DQF0,17
B0000537JQ,6
B00004TZKB,0
B0000C4JY6,1
B00012181C,8
B002QDMQL0,17
B0015ZC13I,19
B0000537IO,7
B000BHBM5E,2
B00002N5L2,5
B0000530ZR,6
B0001LO3JW,8
B000255MV0,11
B000B6VE5S,13
B0000DIX2M,8
B0000AXNOD,16
B0002E3BFK,15
B0002E3DRQ,15
B004OY990A,6
B00029JZIM,3
B00014CDQO,19
B00005QXZO,9
B000066R6H,20
B0002D01N6,15
B0002AS5ZK,11
B0002DVDI8,15
B0000AZANV,1
B000A2LSPO,20
B0002ATB58,17
B00006L9DO,20
B0002IXRZU,10
B003JNE5B0,18
B000KM02H4,13
B00005OBPC,6
B0002BTOG8,2
B000GYY7U4,20
1616611294,4
B00000JYWM,9
B0002JMSHW,3
B0009WFN8I,5
B0002YQ1A2,12
B000EITUN6,2
B0002KWZ60,13
B0002ZWVWS,6
B00005QX40,16
B0002CAD8U,11
B000B4N3MC,16
B0002E3GNC,1
B0020727N4,17
B0002E59SC,15
B000UY3O22,20
B00002241C,5
B000CBV9WU,16
B00029XBIW,3
B0000C53N7,1
B0002AQVQ0,3
B00002267U,5
B003HC2L50,17
B00004YWJO,12
B0002TL7TW,15
B00012NQ08,1
B000E99PZS,2
B002P46SF0,17
B0002A5XFU,11
B005Y0KYG6,7
B004EZT38M,18
B0000223O3,5
B00016QOSK,19
B00011JU18,6
B0002ISQTC,12
B0000AVXL6,1
B0001DU7LI,10
B00005319P,6
B0002AQLQU,11
B00083LGI4,2
B0000BYQBL,1
B00004RH7E,5
B0000DIX2R,8
B000E48QZI,2
B00029JQ4A,3
B0002564YY,11
B00025Z70G,11
B0002JMMVE,3
B0007LCZRS,10
B00005NWSX,6
B0002E2G7Y,15
B00016X992,16
B0006GKKGW,16
B000809P30,4
B000142CYC,19
B0002ASSBQ,11
B0001K5M3E,8
B0006616CE,10
B001DY3WR0,17
B0001UQW8I,8
B0002HZLUK,14
B00002N7O1,10
B00006F2WD,9
B004G3Y8PK,19
B000255NX2,11
B0000DJFF0,8
B0002E2LS8,15
B003B0J11K,20
B00002NBJW,5
B000255O9K,11
B0000AVVU0,1
B00005V5OU,7
B0002F68PO,3
B000JUSHEM,13
B0002SPCI0,13
B000PKCSZU,17
B001D1J5Q0,18
B00006966I,14
B0000530JE,6
B000IBEYOO,18
B0002E50X6,15
B000GA472G,13
B002EDDDZU,17
B001GLYE0E,12
B00005380M,6
B0000223LA,5
B0000DD5H0,16
B000G29E3Q,10
B000HWNSEG,10
B00005359M,6
B000255NEG,11
B000FPYXBM,10
B00004TLPE,0
B0072YV4IE,19
B00004T9RO,0
B0000AX6ME,12
B0002E3LLO,15
B006ML9SO0,20
B0002UOZPO,13
B000FFF30M,12
B0002D0E8S,15
B0002D0708,15
B000HBWH4Y,10
B0000532NP,6
B00023S6M4,12
B0002JETOW,14
B0009DPQX4,14
9973228081,2
B0002UQ4S0,5
B000HVOB5C,13
B00081HYE6,10
B00002X2HJ,5
B00004Z5QG,9
B0053F8MMU,18
B0002ILK6I,3
B0000CEPYA,11
B000GCE1GG,7
B00005QBWZ,14
B0006B4PM2,5
B00062N3Z6,16
B001DEEU1C,18
B00A72E016,19
B0000224VF,5
B0000BVGEV,1
B0000TVUE6,8
B003835IDU,19
B0016ZF9FO,14
B0002AQSGI,11
B0002563OA,11
B0000DD579,10
B000284W5E,15
B0001YGT82,12
B003PJD37K,18
B000F8TAQW,4
B001MCBRF2,17
B000142YTA,7
B000CESIYY,11
B000053L5V,19
B00099QARO,2
B0000225GZ,5
B000EDO2YS,2
B000FOWZBS,13
B0000AUW8O,1
B00000JGPQ,9
B000BSHVU8,17
B0014B0HFW,19
9985534514,2
2914849613,4
B0002D0CDK,15
B0007PNOBA,16
B000067ODT,9
1574899031,9
B00008NFA3,2
B0002F4ZQ8,15
B0002ZWBUK,16
B000FTOBLA,17
B0001554GO,6
986602931X,2
986632026X,20
B00008VE4D,1
B0000WZZUI,3
B00004R9RX,5
B00012NDII,6
B0000UZ528,3
B00004TG4M,0
B0002E27JQ,15
3870296437,4
B000J2H17O,14
B0000224J7,5
B00000DM9S,9
B0008EH132,10
B00029X5U6,3
B0075X1T28,19
1589781244,4
B000ARPO0O,16
B001ICXUQU,18
B000BOAET2,16
B0009K9MQE,13
B00081L2R6,14
B000BYVK6I,10
B001DJ1VDC,10
B0050KKDUM,18
B0006OJANS,10
B0002ARQ6O,11
B0009OCYXI,2
B000RHJFZW,18
B0000GKVXU,8
B00000ISHM,4
B0006HUJCQ,16
B0001DHH0M,7
B00005AWD1,12
B0002APWDI,11
B0002KIIVG,12
B0001NE8OA,17
B00000IRU2,4
B0002IXLSI,16
B0002RI5XU,5
B000A1EN0M,14
B0002AQTPS,11
9984220346,2
B00014G2JI,7
B0000223YP,5
B00000IRQ8,4
B002AHF1J6,17
B00016XLBS,8
B0002EH3PE,14
9861025251,2
1589944976,4
B0002F4LYE,15
B000I05FR0,17
B00005R8TM,9
B0000C7CDC,1
B000BRQL00,10
B001F4SI8Q,4
B000E5VCGW,14
B00006HZWU,9
B0007WZN4O,2
B000J3YFOA,13
B0002E1T5O,15
B000FMUYRW,16
B000VGFBNY,18
B002DHSQX6,18
B0001BGU0C,8
B002MCE77G,19
B0000AQOJQ,10
B00023S4VM,12
B0002ASCCG,11
1594416788,9
B001F0RB7E,17
B0000SW9GK,6
B00025K0PS,11
B000BW5U1G,13
B000FA98SU,13
B000EOHEME,13
8326109444,4
B00008PWW0,6
B00005N5XV,9
B000HDX8GS,10
B0000B1JSK,1
B0001EXM9G,3
B0002AQSHC,11
B0001M7D7A,19
B0002E58BK,15
B003T2RLTY,7
B003PESKQO,17
B00004U4SJ,0
B0000205ZZ,0
B0000535OF,7
B0002MANZI,3
B002VKV6UA,20
9985024796,0
B0000225WU,5
B00029J2JO,3
B004Y0OV7K,18
B00394DQE6,17
B000FZ6NII,14
B00000ISCD,4
B0002DVYBE,15
B000GIP16E,13
B0002ATAOK,11
B000255UYY,11
B0007YDEEI,17
1616615478,4
B0000E5JRP,8
B0002E290I,15
B001DSZ2IS,10
1619922339,9
B002GKUQ1U,19
B00024Q62U,2
B0009S64HG,13
B0001E3WXC,12
B0009RG8WS,14
B0000TWC2K,11
B000A16R3I,14
B003H7KHI8,20
B000NU0GC4,19
B000052WYL,7
B0009IK03K,10
B00029XC2C,3
B000EGZ40G,14
B0002DUWF8,15
B0000A0AIE,1
B0027SAOO0,20
B0000A0AHN,1
B002MYZFPW,18
B0001590JQ,8
B00004Y3TI,20
B000181SVQ,13
B00004TVSP,0
B0000225YL,5
B00004Z2VR,9
B005AR7IF8,18
B000BG1XPO,10
B00004XPJN,0
1616610735,4
B0001AGLVG,8
B00004TS3B,0
B00004RA6L,12
B0002DGKDQ,11
B000143RPA,7
B009OYFYRC,19
B00009R8D7,1
B00016XK3M,8
9269809986,4
B000CCEWBY,14
B000H8MB1Q,13
B000YMSFYC,13
B0000537JO,6
B0000536O9,6
B0000B1540,1
B0077COWG2,19
B00007LB19,14
B0026AGEO8,14
B00B288URO,19
B000TJQMAO,17
B004H3XUE4,18
B008X3658W,19
B0041N9V6G,19
B0000E2PBY,13
B000BNJU66,14
B00305H7U8,18
B000EZQJ4C,14
B00029J4K6,3
B00000JF4M,20
B0000AV8XN,1
1933318996,4
B00000J3FU,0
B00004S5H7,0
B000BQS21C,4
B0002D0LWC,15
B0000D9MT2,8
B0001GBK02,8
B0000AMR2W,1
B000P7TAH2,17
B0000AGRYX,2
B00012CTW4,12
B0000BYPXK,16
B0002AQXIQ,11
B00000J9L3,9
B0000YUXM6,7
B00014DG7O,7
B003GF9AZW,18
B00005TNUD,9
B000022444,5
B00004SD91,0
B00002X2GQ,5
B000J1DUF2,13
B0009Z3LN4,14
B000GFOI16,13
B00001RMD3,0
B00017XN7E,7
B0006NXT6I,16
B00BP5Y208,19
B000S0QJ1G,20
B000G2UUCU,14
B0000DI851,12
B0000AYEX2,3
B00017028M,8
B0000BYN4U,1
B000142GZM,7
B0002D04OM,15
B000052YDN,6
B000F8J396,9
B00000ISFG,4
B002ICF5AI,18
B00303S6XC,17
B000QV7790,17
B00078B6XK,20
B0002AQWZ0,11
B00004RF6K,0
B00026Z4DK,11
B00004RK6S,5
B001RIY7BM,17
9984982025,0
B0000C4LUT,1
B003JM97HS,19
B00025675K,16
9839215019,7
B0062FYHOC,20
B002IWA9W2,18
B0009SNY3S,16
B000FMUGR0,16
B0002ARP0Q,11
B00004RHJG,5
B0002KKIGE,3
B008YGFBFQ,19
B0002D03X4,15
B0002DVBIU,15
1562973444,4
B0000AXY2O,1
B00002ST80,0
B0001219BG,8
B00002N9JV,5
B0001IPZ6K,17
B000F4UOZW,16
B00004WFXV,0
B00005A1OX,2
1622260929,9
B0002D04TC,15
1598172506,9
9985630734,0
B0041HU0VC,20
B00000IVSX,4
B000BLJ874,14
B00001P4XA,0
B0002CZWCM,15
B0002ASGBS,11
B0000CBJN4,11
B00006A6X3,6
B0030MHL52,20
B000195JC4,7
9981731587,0
B0002JMBWE,3
B0001WOLMU,8
B0000AZ708,3
B0002APL9I,11
B0000AV8YJ,1
B0001GS13Q,16
B0000AXNVA,5
B00023CWR4,12
B000144KTM,6
B002WOR5GY,17
B005I0352M,19
B0000D9GNU,8
9862518545,2
B003L2D6HS,2
B0002F51IY,15
B0000225XK,5
1556346069,4
B0000GIR04,8
B0002CZX62,15
B0009FIVZC,20
B003NOGS4C,19
B000TGEI5S,19
B0000C87V6,1
B00012183A,8
B000234IS0,3
B00000K4KZ,0
B00092FMPW,2
B00000J46Y,9
B000FUMWWY,3
B0000DK5EX,8
B000052Z9F,7
B000F0KILQ,14
B0001XGPIW,12
B0000C5GDI,1
B0000532Z1,7
B0002JN6H8,3
B0001AVTDG,8
B00005OQMG,12
B00012NGJO,11
B000TL9O4I,14
B0000YUTOS,8
B000KFY5R4,13
B00000K12U,0
B0001M0Y58,6
B0000225J4,5
B007UN4ZZ6,7
B0002AQPEI,11
B000052YP1,7
B0002ASBXQ,11
B00006B8GK,9
B00029J40G,3
B0002D04VK,15
B004TCKKI2,19
B00009PSYI,6
B0000BVX0J,1
B0000BVV2D,20
B0000DZP4C,7
B0001FBVIE,7
B000195P96,7
B00028IX7M,11
B0000TSPYE,11
B000CNOIQ2,14
B0002GD11C,12
B0002AT4PK,11
B0006HDGQW,13
B0002IXT4O,10
B000E0PLI2,13
B00007J6DA,6
B0002E59LY,15
B0000AX89A,1
B00016XLWW,8
B0000Y3EVS,7
B0000UVQIA,8
B0000226L0,0
B0000225GO,5
B00005OM2M,7
B00001NFR3,9
B0017ITZZU,19
B00085EUWQ,13
B00012XCR0,16
B000GY9CYU,14
B000R90QZ8,7
B000069LIG,9
B00004TZHP,0
B00002N7KV,5
B0001XE11K,3
B00026UUW0,10
B00018XCJW,14
B0007LQKN8,14
B0034GGL00,14
B0000536V8,6
B0006IKCHW,10
B00000J2AT,4
B0002ZIJG0,16
B00074JV04,2
B003AILV9S,17
B00029J2KS,3
B0000225IK,5
B001G9E06Y,7
B0002566F6,11
B0012OQB3S,14
B00067KZ7A,20
B005B9D3AO,18
B002LV013C,20
B0012M8XQI,17
B002R0DXNM,18
B0000DAWNW,6
1878875922,4
B000FNI6EO,10
1600224172,9
B0002E366E,15
B0001M12O0,8
B0002F52DI,15
B00002NBLC,5
B00012NJZU,6
B0000E2VF8,12
B003U41KMK,8
B000068XM8,6
B0000AUWG3,1
B001F765J2,17
B000WFEKY0,7
B00063E1VU,14
B0000C4JYJ,1
B000052YPE,19
B0002AQI9A,11
B00005UC6Q,14
B008HUPZH8,7
B000053F9K,12
B003IQ9N6U,20
B0000226QJ,0
B000AMB9R6,10
B000R90NUQ,19
B0000C53KO,1
986672364X,4
B0000537SZ,7
B0003216GM,13
B00026Z4N0,11
1453072055,4
B00004YK29,9
B000G6FTC2,10
B000E39V62,13
B0013HWZMA,17
B003CHLLPQ,20
B0000C52LF,1
B000022661,5
B0001V0A1W,8
B0001EKYBK,7
B0002F4XT2,15
B0001EKYKG,7
B00016ATZO,8
B00023RYU4,12
3930944774,4
B000J0UJEI,13
B00AG40VEA,19
B0001K5KQ8,8
B000EGZNC0,20
B0000BY4VD,1
B005BNM41E,18
B000AOEVQU,14
B000BD8KLW,16
B0002DNSPO,15
B0000YV6DQ,7
B000J42K4Q,13
B0000E6MA4,20
B0007WTAV6,20
B0002APL84,11
B000J01CL2,20
B0002TW6TW,13
B0002JETOC,14
B0000302SZ,5
B000052Y5M,6
B0002MA038,3
B000063XG6,6
B000MJ79R6,19
B000302J1K,2
B00004U54R,0
B000GHG8W6,10
B0002E2AHU,15
B0002D0D52,15
B003HFSZR0,18
B00004XOI0,5
9966262946,2
B00003030M,5
B00005309A,6
B0009N0K12,14
1892069768,4
B00025K1HU,11
B0000AV8YD,1
B0002D0KJQ,15
B0002CZVJ6,15
B0002NPXSY,20
B0002EB620,15
B000ECXYOI,14
B00008PW2N,6
B000E9TDRS,14
B00001U0SK,0
B0002A5WPQ,11
B00004SDBF,9
B0000225YQ,5
B0007CXH4M,14
B0000BYDNR,12
B0006HUJ0I,10
B0000ZRGV6,8
B00004YJZ0,0
B0000AKAFQ,2
B000F1OF7S,14
B0002C5Y1G,12
B0002E2Z8O,15
B00299ZIFW,17
158650178X,4
B00002N6FI,16
B00002N6M6,5
B000KE9AUM,13
B000FDXAV8,13
B000256CKK,11
B0000BYCSK,12
B00005M06J,6
B0001EXKPM,3
B0001CXUBS,8
B0009K9I36,14
B0002E1IKA,15
B000IC4D6W,13
B005ARAT7M,18
B009RGH0BK,19
B000CRE8PO,2
B00004THM5,0
B000FNAQ9W,13
B00012YIDW,12
B0002D07A8,15
B0000E2EOV,8
B000YYXZE0,9
B00009V2YO,1
B0000224X7,5
B001E0IEC6,18
B00002NCBP,5
B0000AY057,3
B000HX6SLK,0
B0002HYCKA,14
9861038795,2
B0000ERMQ8,12
B000063W9A,9
B0002Q9I3M,3
B00026Z3HM,16
B000G686NG,13
B000KFY6U0,13
B0000Y3CWY,17
9990950636,0
B000FTTGI8,13
B000CC9NGI,13
B0002M70VI,3
B0002MAWYK,3
B0002D0DLG,15
998566941X,0
B00014EKR4,7
B0000CBI4H,3
B00009LWL9,14
B00004TLNI,0
B0002F54ZY,5
B00004S25Q,12
B0002E51TO,15
B0000E2TE2,12
B0001T0RSU,12
1572812060,4
B003XF6JHC,18
B0002ARW5Y,11
B000M3LKLI,18
B00005B703,7
B0002DVKMC,15
B004QMKIZA,20
B00002N5LG,5
B0000AE6BN,10
B001280EKA,19
B00000J4N4,9
B000132VH6,16
B00007LP1W,2
B0002F54AY,15
B00020XJQK,20
B000OQGL4E,17
B0007L7Y3S,10
B000HTBBSE,10
B00067T9YU,10
B0039PFYQS,19
1589942191,4
B0011YNIF8,18
B0002LWEGU,3
B001ET7BFS,19
1616612290,4
1586500872,4
B00000DMBP,4
B0001XJUSY,14
B0000BYSPY,4
B0000223SI,5
B001PMIMRU,19
B0002E1TAE,15
B0000CDBSJ,1
B00000IU3H,4
B000BGSZCS,10
1934521000,4
B002QM4UKQ,7
B0000AXVVW,1
B0000DINGG,11
B000BB55EE,14
B0002AR48Y,11
998498799X,0
160996408X,9
B0002MBF5U,3
B00004ZAVO,12
B000F4UP7Y,16
B000E3FNBY,16
B0002AQLYM,16
B00012YLUM,12
B0000C1CRN,1
B00081H9EG,14
B00076Q2XQ,2
B00016BHXM,12
9973238079,2
B0000AYGZJ,1
B003673GVE,18
B005B9EQ1O,18
1579820816,4
B0002D03XE,15
B0001547RG,7
B000G27DHA,6
B00029XHUY,3
B001VEL2ZG,18
B00004RKAM,5
B00027ZV6E,11
B0001DZ8V2,1
B004KSDD4S,18
9983853035,0
B0002ASBAY,11
B004H3XX96,18
B0000304PD,0
B0000CDBL2,13
B00004RGZI,5
B001D1DGC4,7
B000H10Q6U,13
B00000JHPX,10
B0000224NM,5
B00005N527,10
B00004YKDQ,0
B005CX65DG,20
B00005R2GR,1
B00005BOJ1,12
B0000BW4VJ,1
B0000AXGQD,1
B000GBX0AA,14
B00000IV8B,4
B00005M25F,9
B0000ARBCN,1
B0002YF2Y8,20
B0006IJZF2,10
B0015X9VHO,17
B0000AU46A,1
9790793030,19
B0002IU8MA,12
B000EOJEE0,13
B0009DTDYM,10
B0000AN9LX,16
B0002YPEUU,5
B0002AT3TM,11
9966321896,6
B0000C535A,1
B0001Q2W18,12
B00014FT4M,6
B0001TQ0I6,7
B0000GK06I,8
B0028F8GCO,17
B00000K2TH,4
B0001392N2,8
B0000Y3GE8,19
B0000AXPSV,3
B0007WC56S,10
B0002E4Z9G,15
B00001P4O1,9
9985736265,0
B00014DTNA,6
B0000ALKAC,1
B00004W6N5,2
B0000AZ759,1
B0002E4ZQ4,15
B0000ESTGX,8
B001S3VYH6,17
B0009V2PWG,10
B003V38IDO,3
B00004ZAW2,12
B000GF232C,10
B0006Q3YXI,16
B000BCCVD6,13
B0002E50TA,15
B00004RIPE,0
B005B5RXL8,18
9966299211,0
B00004ZB48,12
B000MXEJE8,1
B00067TUK8,10
B000E4OVC0,12
B0077QU2VM,17
B0000DD1GD,16
B000EX2TIO,13
B00014D0W0,6
B0006IYHL4,3
B001PO6G8U,17
B000BF2VO2,14
B000JJSQH6,20
B000L3TL9M,13
1403794677,4
B0028XLAKQ,17
B0000AX3YJ,12
B0000BYRRA,1
B0002ARQ1Y,11
B00012NFM2,6
B000669H1G,16
B0007V644S,17
B00012JXD2,9
B000XBDY9K,14
B000AN59DA,10
B0007IKGHW,16
B0000AW001,1
B0000ASABI,1
B0001MAEYY,8
8325210052,4
1929780591,4
B00001XE0Q,0
B0000CO1P6,1
B00002N7W0,5
B00014D1OW,7
B000182FAE,3
B0000CEO88,6
B0006U20KW,16
B00BSO0B8I,19
B001JNZJOO,17
B0000225PN,5
B0002E2WWS,15
B0002DVLDK,15
B00001ZT4Q,0
B00006IAP1,10
B0008KM81G,13
B001AHWSSE,7
B000FJS0OE,13
B000IELDWC,13
B0006GK9MM,13
B001AX8YV8,17
B0001UWRCI,7
B00017L1U0,8
B0002VQ7WC,2
B000288XQ8,12
B0001GL78M,7
B0000AVE4S,16
B0001FFHCK,8
B000052XFD,6
B00011ROP2,6
B000CDLY1Y,14
B002X9KTHK,18
B000FEWBQC,17
B0000E2DIJ,14
B000053040,7
B0000DD1F7,16
B0002E26L0,15
B003EAE9G4,18
B0000AV19S,1
B0000225PM,5
B000GZJITI,17
B000LNHN5Q,13
B0011Z15AW,17
B0006FUHGQ,10
B0006MTZ1C,2
B002UZNEME,13
B0002ISQWO,12
B00000J4GB,9
B0036B88K4,17
B000182EXC,3
9866407020,2
B000NZXLHQ,20
1589943708,4
B002TPM3MM,18
B0052ZFLAW,20
B0054LYE2U,18
B0000DIDB6,2
B00004WJJZ,0
B0002E1GSY,15
B0006V2LZA,16
B0002E2QEW,15
B0002ARRCC,11
B005OGZXEI,19
B0006IXEA4,13
B000BZA0AY,13
B0000C1CMF,1
B0006ZFPAE,2
B00004Z38F,9
B0002AS802,11
B000HYM0U2,10
B0002ASZNW,11
B00006IB77,6
B0053Y2Y6Q,18
9984971414,2
B000BOALP4,16
B0000EXHL0,7
9985718933,2
B00006IAGI,9
B00ABCD6FI,19
B00167Z0IS,10
B003R0GXC4,19
B0002Q7ZLO,3
1556345135,4
B0000ZHZ5I,8
B0002L6NF8,3
B000PSUTG2,20
B00494BEM6,19
8663500211,4
B00002NDS0,9
B000HTTC2Q,10
9990974845,2
998495305X,2
9269809102,4
B00018CX38,8
B0002A9V3A,15
B0006Q95Q8,10
B0002AS9ME,11
B0007L7F2I,14
B000BCDWAW,14
B0000225OR,5
161661224X,4
B0013AFTRK,7
B00004XS3A,9
B0001DU560,10
B00004S2MH,0
998499659X,2
9981712515,0
276432197X,4
B002VPE56C,17
B0002IXIIG,12
B00375T1SC,19
B0006GKFV2,1
B001E6BGXY,20
B001DDKCUG,19
B0001DSJMW,10
B002HJPS68,19
9866360636,2
B000A8B1QE,10
B0000648AD,10
B00005N5X9,9
B000W9SG96,17
B00005NN3T,14
B000ELJ3HG,10
B00004VWGM,0
B000FMYY2S,16
B0000CBIRA,16
B0000C4LPA,1
B0002D0AOG,15
B0002DTUHY,16
B000A2K54E,2
B0000BYD5E,12
B0000D9N17,8
B00001OPJ7,9
B000C18GTE,10
B000052ZNE,7
B000JZFZ6A,13
B00004T1XM,0
B00004WHE5,0
B00083OH58,10
B000BGSZ3M,10
9983743248,2
B0002YDZ1A,2
B0002E1J6I,15
B0014XZWHI,17
B000LO69OG,0
B0002STRCW,16
B00005O6A9,6
B000063W91,9
B000194YUM,7
B00004XPJC,0
B0009XEBO4,14
B001GMVM12,14
B00014GIQA,8
B00005AMCK,12
B000056SM0,9
1616618116,4
B0015ZE45G,17
B000AM2N3A,10
B0000ASVMH,1
B0000959K6,1
B000FNE0B2,10
B000H8Y1A0,13
B002WD4OIC,17
B00075NB5E,16
B0000EIEP5,8
B000B88WX8,20
B000BKO6DG,16
B0002HNPC6,14
B00000JSHM,9
B0002D0LP4,15
B0000530R6,6
B0000EWC8Y,8
B0000TLFIM,8
1616615079,4
B00004TY7U,0
B00005RZOU,9
8325208171,4
B0002IX318,16
B003ZZM1TU,20
9985581857,0
B003ZYGTZI,17
B0002DVCQ6,15
B00000JDDA,9
B000H8KJCO,13
1589942558,4
B00008W71L,12
B0002ARPTM,11
B0002AQWNM,11
B0001AU2NE,12
B0006J452Y,16
B00000JDO8,4
B00004TKVD,0
B003F25VZO,17
B000141PYK,7
B002K8IHFU,18
B0002E2BO2,15
B0000A1DEN,1
B000FNG2G8,10
B001IA8FHQ,20
B0001M0ZSO,8
B00004TDWW,0
1933937610,9
B00006B7AA,20
B00000JH72,0
B0007ZODLA,10
B00004TWMD,0
B00004RHJS,5
B000A7PNGO,14
B0001DHH2U,7
B0001XIZKI,8
9269809528,4
B00000J2B7,4
B0002AQSBI,11
B000FPDO7G,5
B000022365,5
B00006JUK9,7
B009YO56WK,19
B0002ZOIC4,14
B0000EIEPW,8
B000FGZRCA,17
B00002N75K,5
B000M2VZH8,18
B0001VDTFG,8
B0000D9N3T,8
B0002S9XCG,3
B003Q2BKQC,18
B000VGEX9W,17
B000V003WY,19
B0002F4W0M,15
B001FZ0YG4,19
B000BCZ8Q8,20
B0002D0QAE,15
B000052YP6,7
B0000E21YI,8
B0002E365A,15
B0006843G8,10
1616614471,4
1604186089,9
B000AQSXLC,16
B004C4U23A,20
B000G80OAW,14
B0009WG1XE,13
B000ALDQK0,1
B000LDBWBW,20
B000H8FNLG,13
B0002CZQMI,15
B000256DQI,11
B00019DOEE,19
9984920569,2
B0000TLFFK,8
B00000JDGO,0
B00BE5DDQI,7
B00001SIGU,0
B000182DTM,3
B00009RUCI,1
